stock,entry_date,exit_date,profit_pct
LAURUSLABS,2017-11-06 00:00:00,2017-11-09 00:00:00,-2.4832336414718226
LAURUSLABS,2017-12-18 00:00:00,2017-12-19 00:00:00,-0.9345794392523363
LAURUSLABS,2017-12-21 00:00:00,2017-12-22 00:00:00,-2.637634979642418
LAURUSLABS,2018-02-14 00:00:00,2018-02-19 00:00:00,-3.1775700934579496
LAURUSLABS,2019-03-01 00:00:00,2019-03-07 00:00:00,2.529239766081856
LAURUSLABS,2020-01-23 00:00:00,2020-01-24 00:00:00,-1.6154122292688695
LAURUSLABS,2020-01-29 00:00:00,2020-02-01 00:00:00,-3.5990888382687887
LAURUSLABS,2020-04-07 00:00:00,2020-04-15 00:00:00,3.701298701298694
LAURUSLABS,2020-04-21 00:00:00,2020-04-29 00:00:00,14.212916805140132
LAURUSLABS,2020-06-19 00:00:00,2020-06-25 00:00:00,-0.03703703703704282
LAURUSLABS,2020-07-30 00:00:00,2020-08-13 00:00:00,28.767979987492183
LAURUSLABS,2020-08-24 00:00:00,2020-08-25 00:00:00,-3.0201342281879264
LAURUSLABS,2020-09-10 00:00:00,2020-09-21 00:00:00,14.6774193548387
LAURUSLABS,2020-10-06 00:00:00,2020-10-09 00:00:00,4.635867821623353
LAURUSLABS,2020-11-27 00:00:00,2020-12-09 00:00:00,4.0189873417721484
LAURUSLABS,2020-12-18 00:00:00,2020-12-21 00:00:00,-6.439340566436528
LAURUSLABS,2021-01-14 00:00:00,2021-01-18 00:00:00,-3.7940379403794036
LAURUSLABS,2021-02-12 00:00:00,2021-02-15 00:00:00,-1.8882978723404318
LAURUSLABS,2021-04-22 00:00:00,2021-04-29 00:00:00,0.0
LAURUSLABS,2021-05-04 00:00:00,2021-05-07 00:00:00,-0.6122448979591837
LAURUSLABS,2021-05-24 00:00:00,2021-06-17 00:00:00,18.09229581000194
LAURUSLABS,2021-06-25 00:00:00,2021-07-01 00:00:00,2.6194144838212634
LAURUSLABS,2021-08-05 00:00:00,2021-08-16 00:00:00,2.3511904761904696
LAURUSLABS,2021-10-07 00:00:00,2021-10-11 00:00:00,-1.715384615384612
LAURUSLABS,2021-11-24 00:00:00,2021-11-29 00:00:00,-0.2489296027083541
LAURUSLABS,2022-02-01 00:00:00,2022-02-08 00:00:00,-0.38022813688212925
LAURUSLABS,2022-02-10 00:00:00,2022-02-16 00:00:00,1.3687228336261865
LAURUSLABS,2022-03-11 00:00:00,2022-03-15 00:00:00,-2.2155172413793145
LAURUSLABS,2022-07-07 00:00:00,2022-07-18 00:00:00,2.9246917354529756
LAURUSLABS,2022-08-04 00:00:00,2022-08-22 00:00:00,5.184776613348051
LAURUSLABS,2023-04-12 00:00:00,2023-04-13 00:00:00,-2.8756957328385764
LAURUSLABS,2023-06-13 00:00:00,2023-06-14 00:00:00,-0.8033240997229855
LAURUSLABS,2023-06-15 00:00:00,2023-06-20 00:00:00,-0.4496525412181434
LAURUSLABS,2023-09-05 00:00:00,2023-09-07 00:00:00,-0.6021135414106632
LAURUSLABS,2023-12-07 00:00:00,2023-12-13 00:00:00,-2.153846153846148
LAURUSLABS,2023-12-18 00:00:00,2023-12-20 00:00:00,-2.9699248120300807
LAURUSLABS,2023-12-22 00:00:00,2023-12-29 00:00:00,3.523328523328518
NESTLEIND,2017-08-28 00:00:00,2017-09-01 00:00:00,-0.3882086941683401
NESTLEIND,2017-09-07 00:00:00,2017-09-13 00:00:00,0.8513607815771141
NESTLEIND,2017-11-08 00:00:00,2017-11-13 00:00:00,-1.47749823954932
NESTLEIND,2018-02-15 00:00:00,2018-02-19 00:00:00,-0.6482338933721362
NESTLEIND,2018-03-27 00:00:00,2018-04-24 00:00:00,8.63312889467927
NESTLEIND,2018-05-17 00:00:00,2018-05-21 00:00:00,-1.8229624952122663
NESTLEIND,2018-06-26 00:00:00,2018-06-28 00:00:00,-2.3809523809523787
NESTLEIND,2018-07-17 00:00:00,2018-07-20 00:00:00,-1.6271908147359515
NESTLEIND,2018-07-31 00:00:00,2018-08-03 00:00:00,-2.220330969267141
NESTLEIND,2018-08-23 00:00:00,2018-08-28 00:00:00,-1.476207016325113
NESTLEIND,2018-11-15 00:00:00,2018-11-20 00:00:00,-1.8323228259724225
NESTLEIND,2019-04-16 00:00:00,2019-04-18 00:00:00,-2.455357142857143
NESTLEIND,2019-06-26 00:00:00,2019-07-03 00:00:00,-0.11864406779661789
NESTLEIND,2019-08-05 00:00:00,2019-08-20 00:00:00,1.4430014430014433
NESTLEIND,2019-08-21 00:00:00,2019-08-26 00:00:00,-1.9541139240506364
NESTLEIND,2019-09-20 00:00:00,2019-10-01 00:00:00,1.723625557206541
NESTLEIND,2019-12-20 00:00:00,2019-12-23 00:00:00,-0.5486968449931412
NESTLEIND,2020-01-16 00:00:00,2020-01-21 00:00:00,-0.6383227922229996
NESTLEIND,2020-02-03 00:00:00,2020-02-07 00:00:00,-0.15337423312883436
NESTLEIND,2020-04-16 00:00:00,2020-04-17 00:00:00,-2.5770308123249297
NESTLEIND,2020-05-29 00:00:00,2020-06-01 00:00:00,-2.1671420422133494
NESTLEIND,2020-06-30 00:00:00,2020-07-03 00:00:00,-2.6929354161809176
NESTLEIND,2020-07-16 00:00:00,2020-07-21 00:00:00,-0.7542955326460523
NESTLEIND,2020-10-27 00:00:00,2020-10-30 00:00:00,-0.4643064422518862
NESTLEIND,2020-11-20 00:00:00,2020-11-27 00:00:00,-2.5879310344827573
NESTLEIND,2021-03-30 00:00:00,2021-04-05 00:00:00,-1.2892951033719564
NESTLEIND,2021-04-07 00:00:00,2021-04-13 00:00:00,-1.1879266689250128
NESTLEIND,2021-06-16 00:00:00,2021-06-18 00:00:00,-1.8662952646239555
NESTLEIND,2021-08-17 00:00:00,2021-08-24 00:00:00,5.4149311118231385
NESTLEIND,2022-03-17 00:00:00,2022-03-21 00:00:00,-2.4759562841530025
NESTLEIND,2022-07-06 00:00:00,2022-07-07 00:00:00,-0.8972569883563755
NESTLEIND,2022-07-22 00:00:00,2022-07-25 00:00:00,-1.3791035037963513
NESTLEIND,2022-08-04 00:00:00,2022-08-10 00:00:00,-0.462197580645165
NESTLEIND,2022-10-19 00:00:00,2022-10-25 00:00:00,2.398989898989899
NESTLEIND,2023-02-16 00:00:00,2023-02-17 00:00:00,-3.051020408163263
NESTLEIND,2023-03-17 00:00:00,2023-03-22 00:00:00,-0.2088080979384204
NESTLEIND,2023-03-31 00:00:00,2023-04-10 00:00:00,-0.40650406504065045
NESTLEIND,2023-04-17 00:00:00,2023-04-21 00:00:00,1.433367449357482
NESTLEIND,2023-07-06 00:00:00,2023-07-07 00:00:00,-0.9777092678871403
NESTLEIND,2023-12-19 00:00:00,2023-12-20 00:00:00,-1.5255500215694768
NESTLEIND,2023-12-28 00:00:00,2024-01-03 00:00:00,1.522062469013398
DEEPAKNTR,2017-09-26 00:00:00,2017-10-11 00:00:00,12.523068810967573
DEEPAKNTR,2017-12-15 00:00:00,2017-12-22 00:00:00,7.924528301886798
DEEPAKNTR,2018-01-05 00:00:00,2018-01-11 00:00:00,10.71501741446424
DEEPAKNTR,2018-04-24 00:00:00,2018-04-27 00:00:00,-1.8315018315018317
DEEPAKNTR,2018-07-10 00:00:00,2018-07-12 00:00:00,-5.948616600790518
DEEPAKNTR,2018-08-06 00:00:00,2018-08-14 00:00:00,11.244019138755975
DEEPAKNTR,2018-09-14 00:00:00,2018-09-25 00:00:00,1.7197219173069842
DEEPAKNTR,2018-11-02 00:00:00,2018-11-12 00:00:00,-3.278097982708942
DEEPAKNTR,2019-01-17 00:00:00,2019-01-23 00:00:00,0.8366358432408657
DEEPAKNTR,2019-05-06 00:00:00,2019-05-08 00:00:00,-4.929824561403513
DEEPAKNTR,2019-05-27 00:00:00,2019-06-10 00:00:00,-6.105531643551722
DEEPAKNTR,2019-08-27 00:00:00,2019-08-29 00:00:00,-2.6833943195678653
DEEPAKNTR,2019-10-17 00:00:00,2019-10-25 00:00:00,7.721639656816019
DEEPAKNTR,2019-11-05 00:00:00,2019-11-08 00:00:00,-2.157676348547721
DEEPAKNTR,2020-01-09 00:00:00,2020-01-15 00:00:00,0.02564102564103147
DEEPAKNTR,2020-01-23 00:00:00,2020-01-30 00:00:00,-2.138771449888093
DEEPAKNTR,2020-02-12 00:00:00,2020-02-24 00:00:00,9.11214953271028
DEEPAKNTR,2020-02-25 00:00:00,2020-02-28 00:00:00,-8.722772277227724
DEEPAKNTR,2020-04-09 00:00:00,2020-04-15 00:00:00,-4.584221748400854
DEEPAKNTR,2020-04-29 00:00:00,2020-04-30 00:00:00,-1.1787819253438114
DEEPAKNTR,2020-05-07 00:00:00,2020-05-08 00:00:00,-4.043952085022054
DEEPAKNTR,2020-07-06 00:00:00,2020-07-16 00:00:00,0.6776379477250726
DEEPAKNTR,2020-07-24 00:00:00,2020-08-04 00:00:00,5.714045980869285
DEEPAKNTR,2020-09-14 00:00:00,2020-09-18 00:00:00,2.8007518796992508
DEEPAKNTR,2020-11-12 00:00:00,2020-11-17 00:00:00,-2.4662859919815414
DEEPAKNTR,2020-11-27 00:00:00,2020-12-02 00:00:00,-2.948473833015978
DEEPAKNTR,2020-12-16 00:00:00,2020-12-21 00:00:00,-4.390109890109895
DEEPAKNTR,2021-02-03 00:00:00,2021-02-05 00:00:00,-4.7033898305084785
DEEPAKNTR,2021-02-10 00:00:00,2021-02-22 00:00:00,16.898792943361187
DEEPAKNTR,2021-03-01 00:00:00,2021-03-05 00:00:00,0.9594002160238838
DEEPAKNTR,2021-03-30 00:00:00,2021-04-09 00:00:00,3.4440344403444034
DEEPAKNTR,2021-04-27 00:00:00,2021-05-06 00:00:00,5.496651785714286
DEEPAKNTR,2021-07-30 00:00:00,2021-08-04 00:00:00,1.3720485003190945
DEEPAKNTR,2021-08-30 00:00:00,2021-09-17 00:00:00,6.373626373626373
DEEPAKNTR,2021-10-04 00:00:00,2021-10-11 00:00:00,9.713521772345308
DEEPAKNTR,2021-12-28 00:00:00,2022-01-11 00:00:00,5.276073619631902
DEEPAKNTR,2022-01-12 00:00:00,2022-01-18 00:00:00,-1.139384732244588
DEEPAKNTR,2022-04-01 00:00:00,2022-04-11 00:00:00,-0.43478260869565216
DEEPAKNTR,2022-07-21 00:00:00,2022-07-22 00:00:00,-3.563829787234043
DEEPAKNTR,2022-09-12 00:00:00,2022-09-16 00:00:00,-3.0631868131868174
DEEPAKNTR,2022-10-31 00:00:00,2022-11-04 00:00:00,0.1254298133690723
DEEPAKNTR,2022-12-02 00:00:00,2022-12-08 00:00:00,1.4456359440749411
DEEPAKNTR,2023-03-01 00:00:00,2023-03-03 00:00:00,-1.4694759589411153
DEEPAKNTR,2023-04-13 00:00:00,2023-04-19 00:00:00,-1.5492280570543298
DEEPAKNTR,2023-05-03 00:00:00,2023-05-05 00:00:00,-1.8954918032786885
DEEPAKNTR,2023-05-17 00:00:00,2023-05-19 00:00:00,-1.7250126839167934
DEEPAKNTR,2023-05-24 00:00:00,2023-05-29 00:00:00,-2.3520574634398423
DEEPAKNTR,2023-06-20 00:00:00,2023-06-23 00:00:00,-1.5618027666220438
DEEPAKNTR,2023-07-25 00:00:00,2023-07-27 00:00:00,-1.36492466809208
DEEPAKNTR,2023-08-01 00:00:00,2023-08-11 00:00:00,1.8137254901960786
DEEPAKNTR,2023-08-29 00:00:00,2023-09-12 00:00:00,3.125861276986687
DEEPAKNTR,2023-11-06 00:00:00,2023-11-09 00:00:00,-2.773886242645003
DEEPAKNTR,2023-11-23 00:00:00,2023-11-24 00:00:00,-0.6317934782608613
DEEPAKNTR,2023-12-26 00:00:00,2024-01-03 00:00:00,0.04045307443365696
ICICIBANK,2017-11-17 00:00:00,2017-11-20 00:00:00,-1.7714109673444236
ICICIBANK,2018-01-15 00:00:00,2018-01-29 00:00:00,8.483836697526177
ICICIBANK,2018-04-10 00:00:00,2018-04-20 00:00:00,-2.147558018704534
ICICIBANK,2018-08-06 00:00:00,2018-08-23 00:00:00,6.836248012718602
ICICIBANK,2018-10-29 00:00:00,2018-11-05 00:00:00,-0.7540190638782124
ICICIBANK,2019-04-16 00:00:00,2019-04-18 00:00:00,-1.1397058823529356
ICICIBANK,2019-05-20 00:00:00,2019-05-21 00:00:00,-1.8983466013472137
ICICIBANK,2019-09-20 00:00:00,2019-10-01 00:00:00,2.381525138320913
ICICIBANK,2019-10-22 00:00:00,2019-10-30 00:00:00,4.218334809565977
ICICIBANK,2019-11-26 00:00:00,2019-12-03 00:00:00,-0.244140625
ICICIBANK,2019-12-20 00:00:00,2019-12-26 00:00:00,-1.3367515107123362
ICICIBANK,2020-04-17 00:00:00,2020-04-21 00:00:00,-12.226957911560996
ICICIBANK,2020-08-11 00:00:00,2020-08-14 00:00:00,-1.527967257844481
ICICIBANK,2020-08-19 00:00:00,2020-08-20 00:00:00,-2.2124483539917246
ICICIBANK,2020-10-19 00:00:00,2020-10-22 00:00:00,-0.5411906193625977
ICICIBANK,2020-11-09 00:00:00,2020-11-14 00:00:00,4.59832005169071
ICICIBANK,2020-12-04 00:00:00,2020-12-10 00:00:00,0.5362462760675251
ICICIBANK,2020-12-31 00:00:00,2021-01-01 00:00:00,-1.1610486891385854
ICICIBANK,2021-01-06 00:00:00,2021-01-15 00:00:00,-0.5413837401357922
ICICIBANK,2021-02-01 00:00:00,2021-02-18 00:00:00,5.938398357289524
ICICIBANK,2021-04-26 00:00:00,2021-04-30 00:00:00,1.8685238661457448
ICICIBANK,2021-05-21 00:00:00,2021-05-28 00:00:00,0.4433727442439364
ICICIBANK,2021-05-31 00:00:00,2021-06-01 00:00:00,-1.773986562995395
ICICIBANK,2021-07-23 00:00:00,2021-08-02 00:00:00,0.9323664348083401
ICICIBANK,2021-08-04 00:00:00,2021-08-05 00:00:00,-1.4816375254546668
ICICIBANK,2021-08-30 00:00:00,2021-09-01 00:00:00,0.7433380084151409
ICICIBANK,2021-10-25 00:00:00,2021-10-28 00:00:00,-5.436835891381341
ICICIBANK,2022-01-12 00:00:00,2022-01-17 00:00:00,-0.3583141017854891
ICICIBANK,2022-05-26 00:00:00,2022-06-03 00:00:00,1.7413275061458617
ICICIBANK,2022-08-05 00:00:00,2022-08-19 00:00:00,3.6603570788797968
ICICIBANK,2022-08-30 00:00:00,2022-09-05 00:00:00,-0.8552779653387376
ICICIBANK,2022-09-08 00:00:00,2022-09-19 00:00:00,0.2667852378835012
ICICIBANK,2022-10-21 00:00:00,2022-10-25 00:00:00,1.5058254561442126
ICICIBANK,2022-11-29 00:00:00,2022-12-02 00:00:00,-1.812608994345503
ICICIBANK,2023-07-17 00:00:00,2023-07-24 00:00:00,2.052469135802474
VEDL,2017-07-25 00:00:00,2017-07-28 00:00:00,-0.45330915684496825
VEDL,2017-08-04 00:00:00,2017-08-11 00:00:00,-3.1380027739250886
VEDL,2017-10-16 00:00:00,2017-10-23 00:00:00,-1.731343283582093
VEDL,2018-01-04 00:00:00,2018-01-09 00:00:00,-0.776329280796846
VEDL,2018-04-11 00:00:00,2018-04-16 00:00:00,-2.221474251093915
VEDL,2018-04-19 00:00:00,2018-04-24 00:00:00,-3.7848284747946535
VEDL,2018-11-02 00:00:00,2018-11-06 00:00:00,-8.502202643171811
VEDL,2019-03-29 00:00:00,2019-04-03 00:00:00,0.4329004329004236
VEDL,2019-09-20 00:00:00,2019-09-25 00:00:00,-1.5180265654648992
VEDL,2019-09-26 00:00:00,2019-09-27 00:00:00,-5.9741819273491545
VEDL,2019-12-13 00:00:00,2019-12-16 00:00:00,-1.4720642355302702
VEDL,2019-12-17 00:00:00,2019-12-19 00:00:00,-2.038132807363573
VEDL,2020-04-30 00:00:00,2020-05-04 00:00:00,-9.842519685039369
VEDL,2020-06-03 00:00:00,2020-06-11 00:00:00,5.39291217257319
VEDL,2020-08-17 00:00:00,2020-08-26 00:00:00,0.39016777214202103
VEDL,2020-11-11 00:00:00,2020-11-25 00:00:00,11.874386653581936
VEDL,2020-11-26 00:00:00,2020-12-17 00:00:00,22.8956228956229
VEDL,2020-12-24 00:00:00,2020-12-31 00:00:00,-0.40247678018576205
VEDL,2021-02-09 00:00:00,2021-02-12 00:00:00,-0.6557377049180265
VEDL,2021-03-08 00:00:00,2021-03-12 00:00:00,-1.1796127309147588
VEDL,2021-04-06 00:00:00,2021-04-09 00:00:00,-0.8552490912978405
VEDL,2021-04-29 00:00:00,2021-05-14 00:00:00,6.8810037247598554
VEDL,2021-07-05 00:00:00,2021-07-08 00:00:00,-3.190319031903186
VEDL,2021-08-11 00:00:00,2021-08-17 00:00:00,-8.213900446910149
VEDL,2021-10-05 00:00:00,2021-10-06 00:00:00,-4.2127870477449205
VEDL,2021-10-12 00:00:00,2021-10-21 00:00:00,12.187299550994227
VEDL,2022-02-09 00:00:00,2022-02-14 00:00:00,-4.112496683470416
VEDL,2022-02-28 00:00:00,2022-03-04 00:00:00,-1.3910761154855673
VEDL,2022-04-04 00:00:00,2022-04-05 00:00:00,-0.60562878517991
VEDL,2022-04-06 00:00:00,2022-04-07 00:00:00,-1.9811103432388903
VEDL,2022-08-12 00:00:00,2022-08-19 00:00:00,-0.532724505327258
VEDL,2022-09-13 00:00:00,2022-09-19 00:00:00,1.3314141777618014
VEDL,2022-10-06 00:00:00,2022-10-11 00:00:00,-2.4957264957264997
VEDL,2022-12-05 00:00:00,2022-12-06 00:00:00,-1.2872841444270087
VEDL,2023-01-02 00:00:00,2023-01-04 00:00:00,-2.4992091110408206
VEDL,2023-07-14 00:00:00,2023-07-19 00:00:00,-0.6124234470691163
VEDL,2023-09-04 00:00:00,2023-09-07 00:00:00,-1.1971104231166174
VEDL,2023-11-03 00:00:00,2023-11-15 00:00:00,2.7993109388458226
VEDL,2023-12-06 00:00:00,2023-12-11 00:00:00,-1.2156237544838626
PVRINOX,2017-08-07 00:00:00,2017-08-09 00:00:00,-5.432960893854745
PVRINOX,2017-09-08 00:00:00,2017-09-13 00:00:00,-3.209336250911744
PVRINOX,2018-01-09 00:00:00,2018-01-11 00:00:00,-1.8028643639427127
PVRINOX,2018-01-23 00:00:00,2018-01-24 00:00:00,-4.724919093851133
PVRINOX,2018-04-09 00:00:00,2018-04-13 00:00:00,0.8730097684793582
PVRINOX,2018-04-23 00:00:00,2018-05-04 00:00:00,3.893740902474527
PVRINOX,2018-06-08 00:00:00,2018-06-15 00:00:00,0.063829787234049
PVRINOX,2018-08-07 00:00:00,2018-08-16 00:00:00,5.989519364611487
PVRINOX,2018-08-29 00:00:00,2018-09-04 00:00:00,-1.732745961820845
PVRINOX,2018-10-10 00:00:00,2018-10-19 00:00:00,-0.3843197540353574
PVRINOX,2019-01-09 00:00:00,2019-01-17 00:00:00,1.298781810855215
PVRINOX,2019-03-12 00:00:00,2019-03-15 00:00:00,-0.1834862385321101
PVRINOX,2019-03-18 00:00:00,2019-03-20 00:00:00,-3.7175707547169785
PVRINOX,2019-04-30 00:00:00,2019-05-07 00:00:00,0.5365715899463428
PVRINOX,2019-07-23 00:00:00,2019-07-26 00:00:00,-4.1892832289492
PVRINOX,2019-09-20 00:00:00,2019-09-30 00:00:00,7.4665113570180575
PVRINOX,2019-12-18 00:00:00,2019-12-24 00:00:00,-1.1217465236828417
PVRINOX,2019-12-27 00:00:00,2020-01-02 00:00:00,0.1594048884165781
PVRINOX,2020-02-19 00:00:00,2020-02-20 00:00:00,-2.260355029585799
PVRINOX,2020-06-01 00:00:00,2020-06-08 00:00:00,20.426686140524748
PVRINOX,2020-08-12 00:00:00,2020-08-21 00:00:00,9.698492462311554
PVRINOX,2020-08-28 00:00:00,2020-08-31 00:00:00,-7.942803465191531
PVRINOX,2020-10-01 00:00:00,2020-10-05 00:00:00,-2.8244274809160306
PVRINOX,2020-11-05 00:00:00,2020-11-19 00:00:00,5.010183299389002
PVRINOX,2020-12-08 00:00:00,2020-12-14 00:00:00,6.024531024531025
PVRINOX,2021-01-06 00:00:00,2021-01-14 00:00:00,-0.3479471120389701
PVRINOX,2021-05-21 00:00:00,2021-06-08 00:00:00,14.53049759229534
PVRINOX,2021-09-06 00:00:00,2021-09-17 00:00:00,0.762222786831694
PVRINOX,2021-09-21 00:00:00,2021-10-01 00:00:00,5.826144658261444
PVRINOX,2021-11-08 00:00:00,2021-11-10 00:00:00,-2.246072139853945
PVRINOX,2022-01-10 00:00:00,2022-01-20 00:00:00,9.121136817052253
PVRINOX,2022-02-09 00:00:00,2022-02-14 00:00:00,-3.1583737864077643
PVRINOX,2022-03-21 00:00:00,2022-03-28 00:00:00,7.786826689527075
PVRINOX,2022-07-27 00:00:00,2022-08-04 00:00:00,6.25677673730901
PVRINOX,2022-11-25 00:00:00,2022-11-29 00:00:00,-0.9959839357429671
PVRINOX,2023-07-07 00:00:00,2023-07-12 00:00:00,-1.2169680111265646
PVRINOX,2023-07-21 00:00:00,2023-08-07 00:00:00,6.4698450694859995
PVRINOX,2023-09-06 00:00:00,2023-09-11 00:00:00,-1.8032786885245904
PVRINOX,2023-10-12 00:00:00,2023-10-16 00:00:00,-1.342243869286971
PVRINOX,2023-11-21 00:00:00,2023-11-22 00:00:00,-1.7804154302670623
PVRINOX,2023-12-18 00:00:00,2023-12-20 00:00:00,-3.4319134848819264
BEL,2017-07-27 00:00:00,2017-08-04 00:00:00,1.3226527570789883
BEL,2017-08-24 00:00:00,2017-09-08 00:00:00,0.263296471827275
BEL,2017-09-12 00:00:00,2017-09-14 00:00:00,-3.6166666666666694
BEL,2017-10-12 00:00:00,2017-10-25 00:00:00,1.065151784129241
BEL,2017-10-31 00:00:00,2017-11-03 00:00:00,-0.5706831893037689
BEL,2017-11-23 00:00:00,2017-11-28 00:00:00,-0.5124099279423543
BEL,2017-12-22 00:00:00,2017-12-26 00:00:00,-0.8771929824561471
BEL,2021-06-23 00:00:00,2021-07-05 00:00:00,6.744186046511634
BEL,2021-07-28 00:00:00,2021-07-29 00:00:00,-0.6012658227848141
BEL,2021-08-27 00:00:00,2021-09-06 00:00:00,5.804878048780477
BEL,2021-09-15 00:00:00,2021-09-20 00:00:00,-3.331890956295979
BEL,2021-09-28 00:00:00,2021-09-30 00:00:00,-4.066543438077633
BEL,2021-11-09 00:00:00,2021-11-16 00:00:00,-1.3845527351703488
BEL,2022-02-28 00:00:00,2022-03-08 00:00:00,1.241970021413283
BEL,2022-04-18 00:00:00,2022-04-21 00:00:00,-0.7775683317624843
BEL,2022-07-15 00:00:00,2022-07-26 00:00:00,8.258221680876982
BEL,2022-08-23 00:00:00,2022-09-15 00:00:00,11.044357664964455
BEL,2023-01-16 00:00:00,2023-01-20 00:00:00,-0.2449779519843214
BEL,2023-02-16 00:00:00,2023-02-21 00:00:00,-2.051282051282051
BEL,2023-03-31 00:00:00,2023-04-19 00:00:00,3.9487179487179427
BEL,2023-05-02 00:00:00,2023-05-15 00:00:00,3.2134292565947185
BEL,2023-05-22 00:00:00,2023-05-23 00:00:00,-2.263467632412856
BEL,2023-06-05 00:00:00,2023-06-14 00:00:00,4.659188955996541
BEL,2023-06-16 00:00:00,2023-06-21 00:00:00,-1.6799999999999953
BEL,2023-07-11 00:00:00,2023-07-14 00:00:00,-0.31372549019608287
BEL,2023-08-22 00:00:00,2023-08-25 00:00:00,-0.26217228464419046
BEL,2023-09-04 00:00:00,2023-09-05 00:00:00,-0.6405693950177976
BEL,2023-11-08 00:00:00,2023-11-12 00:00:00,-0.42796005706133694
BEL,2023-11-13 00:00:00,2023-11-22 00:00:00,-0.7681564245810016
BEL,2023-12-01 00:00:00,2023-12-20 00:00:00,13.238289205702646
BEL,2023-12-26 00:00:00,2024-01-03 00:00:00,0.13702384214853386
BEL,2024-01-04 00:00:00,2024-01-09 00:00:00,-1.175213675213669
IRCTC,2019-11-11 00:00:00,2019-11-15 00:00:00,-0.8646756140257789
IRCTC,2019-12-30 00:00:00,2020-01-02 00:00:00,-0.8012820512820514
IRCTC,2020-01-14 00:00:00,2020-01-21 00:00:00,0.6607929515418461
IRCTC,2020-01-28 00:00:00,2020-02-10 00:00:00,39.25842060571752
IRCTC,2020-02-13 00:00:00,2020-02-28 00:00:00,10.42128603104214
IRCTC,2020-04-17 00:00:00,2020-04-23 00:00:00,1.315740979618912
IRCTC,2020-06-08 00:00:00,2020-06-10 00:00:00,-4.89556135770235
IRCTC,2020-09-07 00:00:00,2020-09-09 00:00:00,-4.310954063604236
IRCTC,2020-11-10 00:00:00,2020-11-18 00:00:00,-0.6251817388775907
IRCTC,2020-12-04 00:00:00,2020-12-10 00:00:00,-9.171025519099702
IRCTC,2021-02-04 00:00:00,2021-02-17 00:00:00,10.214424951267056
IRCTC,2021-03-01 00:00:00,2021-03-12 00:00:00,0.9051724137931162
IRCTC,2021-04-27 00:00:00,2021-04-30 00:00:00,-0.7413187670698312
IRCTC,2021-05-18 00:00:00,2021-05-26 00:00:00,3.0473026333705504
IRCTC,2021-07-16 00:00:00,2021-07-20 00:00:00,-1.5776397515527958
IRCTC,2021-08-09 00:00:00,2021-08-17 00:00:00,0.2782007180586135
IRCTC,2021-09-02 00:00:00,2021-09-21 00:00:00,28.271650694481202
IRCTC,2021-10-04 00:00:00,2021-10-11 00:00:00,17.548029556650246
IRCTC,2021-10-14 00:00:00,2021-10-19 00:00:00,-8.899363614813725
IRCTC,2021-11-15 00:00:00,2021-11-17 00:00:00,-0.6005509641873328
IRCTC,2022-01-14 00:00:00,2022-01-17 00:00:00,-1.1213611003701018
IRCTC,2022-05-30 00:00:00,2022-06-02 00:00:00,-2.9420227305423747
IRCTC,2022-07-29 00:00:00,2022-08-04 00:00:00,0.0469851213782231
IRCTC,2022-08-08 00:00:00,2022-08-16 00:00:00,0.9833585476550681
IRCTC,2022-08-18 00:00:00,2022-08-23 00:00:00,-1.2724757952973782
IRCTC,2023-04-28 00:00:00,2023-05-09 00:00:00,0.5663430420711975
IRCTC,2023-05-29 00:00:00,2023-06-02 00:00:00,-0.35570677389422645
IRCTC,2023-06-16 00:00:00,2023-06-21 00:00:00,-0.7057057057057124
IRCTC,2023-09-01 00:00:00,2023-09-11 00:00:00,4.071413019812751
IRCTC,2023-10-03 00:00:00,2023-10-10 00:00:00,0.426560500497654
IRCTC,2023-11-17 00:00:00,2023-11-22 00:00:00,-0.7500707613925939
IRCTC,2023-12-04 00:00:00,2023-12-15 00:00:00,8.51373855120733
JINDALSTEL,2017-07-26 00:00:00,2017-08-03 00:00:00,-6.0535891498511445
JINDALSTEL,2017-09-15 00:00:00,2017-09-22 00:00:00,-6.071787990607186
JINDALSTEL,2017-10-09 00:00:00,2017-10-11 00:00:00,-4.22180214240705
JINDALSTEL,2017-10-12 00:00:00,2017-10-18 00:00:00,-0.5858772741289036
JINDALSTEL,2017-12-18 00:00:00,2018-01-18 00:00:00,48.83984153933221
JINDALSTEL,2018-01-23 00:00:00,2018-01-24 00:00:00,-5.806783144912638
JINDALSTEL,2018-04-19 00:00:00,2018-04-23 00:00:00,-3.891350414178394
JINDALSTEL,2018-05-09 00:00:00,2018-05-10 00:00:00,-6.164122137404583
JINDALSTEL,2018-06-07 00:00:00,2018-06-15 00:00:00,-4.266666666666669
JINDALSTEL,2018-08-07 00:00:00,2018-08-10 00:00:00,-5.783972125435534
JINDALSTEL,2018-11-02 00:00:00,2018-11-12 00:00:00,-2.6756756756756697
JINDALSTEL,2019-02-12 00:00:00,2019-02-15 00:00:00,-2.265486725663709
JINDALSTEL,2019-02-20 00:00:00,2019-02-27 00:00:00,4.609218436873752
JINDALSTEL,2019-03-29 00:00:00,2019-04-10 00:00:00,1.7236586043925461
JINDALSTEL,2019-09-11 00:00:00,2019-09-17 00:00:00,-4.240447343895617
JINDALSTEL,2019-11-01 00:00:00,2019-11-13 00:00:00,14.738124238733255
JINDALSTEL,2019-11-25 00:00:00,2019-12-03 00:00:00,-3.5435630689206867
JINDALSTEL,2020-01-08 00:00:00,2020-01-14 00:00:00,-1.422070534698521
JINDALSTEL,2020-01-21 00:00:00,2020-01-28 00:00:00,-5.25745257452574
JINDALSTEL,2020-04-30 00:00:00,2020-05-04 00:00:00,-9.672304439746291
JINDALSTEL,2020-05-26 00:00:00,2020-06-10 00:00:00,29.079307201458516
JINDALSTEL,2020-06-24 00:00:00,2020-07-01 00:00:00,3.465679676985199
JINDALSTEL,2020-07-16 00:00:00,2020-07-22 00:00:00,-2.149321266968332
JINDALSTEL,2020-08-10 00:00:00,2020-08-24 00:00:00,11.834908005967186
JINDALSTEL,2020-11-17 00:00:00,2020-11-25 00:00:00,1.3310058913375444
JINDALSTEL,2020-11-26 00:00:00,2020-12-08 00:00:00,4.201680672268896
JINDALSTEL,2021-01-04 00:00:00,2021-01-12 00:00:00,1.8172377985462098
JINDALSTEL,2021-02-09 00:00:00,2021-02-12 00:00:00,-1.410256410256403
JINDALSTEL,2021-02-16 00:00:00,2021-02-19 00:00:00,-2.4833434282253144
JINDALSTEL,2021-02-23 00:00:00,2021-02-26 00:00:00,-0.5622965374371048
JINDALSTEL,2021-04-20 00:00:00,2021-04-30 00:00:00,2.1004990135778008
JINDALSTEL,2021-05-06 00:00:00,2021-05-12 00:00:00,-1.2566352507853995
JINDALSTEL,2021-06-11 00:00:00,2021-06-15 00:00:00,-0.3319108582266558
JINDALSTEL,2021-09-07 00:00:00,2021-09-14 00:00:00,0.5139776858467981
JINDALSTEL,2021-10-01 00:00:00,2021-10-06 00:00:00,1.5667744342203318
JINDALSTEL,2021-10-13 00:00:00,2021-10-19 00:00:00,1.3241220495106505
JINDALSTEL,2022-01-05 00:00:00,2022-01-10 00:00:00,-0.4063038660428549
JINDALSTEL,2022-01-13 00:00:00,2022-01-18 00:00:00,-2.113189215448139
JINDALSTEL,2022-02-10 00:00:00,2022-02-14 00:00:00,-8.063600227143668
JINDALSTEL,2022-03-02 00:00:00,2022-03-07 00:00:00,-0.4396347649644885
JINDALSTEL,2022-03-10 00:00:00,2022-03-15 00:00:00,-3.674512727660028
JINDALSTEL,2022-03-23 00:00:00,2022-03-30 00:00:00,1.6950813247109608
JINDALSTEL,2022-07-07 00:00:00,2022-07-12 00:00:00,-1.3068181818181883
JINDALSTEL,2022-08-12 00:00:00,2022-08-19 00:00:00,-0.5418719211822632
JINDALSTEL,2022-08-26 00:00:00,2022-09-02 00:00:00,-1.1848341232227488
JINDALSTEL,2022-11-30 00:00:00,2022-12-05 00:00:00,5.753986757437289
JINDALSTEL,2022-12-27 00:00:00,2023-01-06 00:00:00,3.0749128919860587
JINDALSTEL,2023-04-19 00:00:00,2023-04-24 00:00:00,-0.8527866310621147
JINDALSTEL,2023-05-02 00:00:00,2023-05-05 00:00:00,-1.5202702702702704
JINDALSTEL,2023-07-04 00:00:00,2023-07-19 00:00:00,4.395424836601303
JINDALSTEL,2023-07-25 00:00:00,2023-08-02 00:00:00,-3.1101739588824593
JINDALSTEL,2023-08-09 00:00:00,2023-08-14 00:00:00,-2.2343484993731995
JINDALSTEL,2023-08-31 00:00:00,2023-09-07 00:00:00,2.2957510385540414
JINDALSTEL,2023-11-15 00:00:00,2023-11-22 00:00:00,0.3395061728395132
JINDALSTEL,2023-11-28 00:00:00,2023-12-04 00:00:00,1.9923601228372512
JINDALSTEL,2023-12-11 00:00:00,2023-12-14 00:00:00,1.0522696011004096
GUJGASLTD,2017-09-05 00:00:00,2017-09-06 00:00:00,-2.1954161640530847
GUJGASLTD,2017-10-05 00:00:00,2017-10-10 00:00:00,-2.3459441599206956
GUJGASLTD,2017-10-16 00:00:00,2017-10-17 00:00:00,-1.392547986450886
GUJGASLTD,2018-01-03 00:00:00,2018-01-09 00:00:00,-0.8504566210045552
GUJGASLTD,2018-01-12 00:00:00,2018-01-15 00:00:00,-1.3050660792951567
GUJGASLTD,2018-04-05 00:00:00,2018-04-12 00:00:00,-0.2436477549599649
GUJGASLTD,2018-04-27 00:00:00,2018-04-30 00:00:00,0.20407006405533337
GUJGASLTD,2018-07-31 00:00:00,2018-08-03 00:00:00,-1.9236833806370301
GUJGASLTD,2018-10-15 00:00:00,2018-10-16 00:00:00,-3.5438696770505915
GUJGASLTD,2018-12-14 00:00:00,2018-12-17 00:00:00,-1.5853119008995764
GUJGASLTD,2019-01-15 00:00:00,2019-01-18 00:00:00,-5.076495132127963
GUJGASLTD,2019-03-06 00:00:00,2019-03-15 00:00:00,20.485829959514177
GUJGASLTD,2019-05-28 00:00:00,2019-06-04 00:00:00,4.6201814058956945
GUJGASLTD,2019-07-31 00:00:00,2019-08-16 00:00:00,6.924643584521388
GUJGASLTD,2019-10-30 00:00:00,2019-11-06 00:00:00,-0.07660878447395592
GUJGASLTD,2019-11-26 00:00:00,2019-12-11 00:00:00,8.07589394307954
GUJGASLTD,2019-12-31 00:00:00,2020-01-06 00:00:00,5.329681904360652
GUJGASLTD,2020-04-20 00:00:00,2020-04-21 00:00:00,-5.11504088229701
GUJGASLTD,2020-06-03 00:00:00,2020-06-12 00:00:00,6.054434364006653
GUJGASLTD,2020-06-25 00:00:00,2020-07-06 00:00:00,4.366243075920507
GUJGASLTD,2020-08-12 00:00:00,2020-08-17 00:00:00,-3.8281979458450084
GUJGASLTD,2020-09-18 00:00:00,2020-09-23 00:00:00,-6.117314043088533
GUJGASLTD,2020-11-18 00:00:00,2020-11-23 00:00:00,-0.4315659679408068
GUJGASLTD,2020-11-24 00:00:00,2020-12-01 00:00:00,2.08083832335329
GUJGASLTD,2020-12-24 00:00:00,2020-12-31 00:00:00,0.21333333333333637
GUJGASLTD,2021-02-08 00:00:00,2021-02-12 00:00:00,3.522346691303846
GUJGASLTD,2021-02-18 00:00:00,2021-03-08 00:00:00,12.033195020746888
GUJGASLTD,2021-04-09 00:00:00,2021-04-12 00:00:00,-5.626102292768955
GUJGASLTD,2021-06-02 00:00:00,2021-06-16 00:00:00,12.201778325556818
GUJGASLTD,2021-06-17 00:00:00,2021-06-22 00:00:00,1.1761158021712836
GUJGASLTD,2021-07-20 00:00:00,2021-07-27 00:00:00,-2.018284106891705
GUJGASLTD,2021-08-02 00:00:00,2021-08-06 00:00:00,-1.9202754602039467
GUJGASLTD,2021-10-18 00:00:00,2021-10-19 00:00:00,-4.9118860142482195
GUJGASLTD,2021-11-12 00:00:00,2021-11-17 00:00:00,-2.0597014925373065
GUJGASLTD,2022-01-03 00:00:00,2022-01-14 00:00:00,9.630380536494073
GUJGASLTD,2022-04-04 00:00:00,2022-04-07 00:00:00,0.6032888975381965
GUJGASLTD,2022-05-11 00:00:00,2022-05-17 00:00:00,3.1296296296296253
GUJGASLTD,2022-07-04 00:00:00,2022-07-08 00:00:00,1.3605442176870748
GUJGASLTD,2022-09-09 00:00:00,2022-09-16 00:00:00,-0.5420321277224794
GUJGASLTD,2023-02-20 00:00:00,2023-02-28 00:00:00,1.5483611502111378
GUJGASLTD,2023-05-11 00:00:00,2023-05-12 00:00:00,-2.4462640736949823
GUJGASLTD,2023-07-28 00:00:00,2023-08-02 00:00:00,-1.7288064986461176
GUJGASLTD,2023-12-04 00:00:00,2023-12-06 00:00:00,-0.22624434389140274
GUJGASLTD,2023-12-15 00:00:00,2023-12-19 00:00:00,-0.38953811908736785
ADANIENT,2017-08-30 00:00:00,2017-09-06 00:00:00,-0.2674818494459261
ADANIENT,2017-11-20 00:00:00,2017-11-21 00:00:00,-3.842549203373949
ADANIENT,2017-12-18 00:00:00,2018-01-02 00:00:00,2.2528160200250276
ADANIENT,2018-01-17 00:00:00,2018-01-18 00:00:00,-6.082725060827251
ADANIENT,2018-01-25 00:00:00,2018-01-31 00:00:00,-0.7009345794392523
ADANIENT,2018-06-14 00:00:00,2018-06-15 00:00:00,-1.7863788611834803
ADANIENT,2018-07-13 00:00:00,2018-07-30 00:00:00,47.44664634146341
ADANIENT,2018-08-20 00:00:00,2018-08-24 00:00:00,-1.7440490219184617
ADANIENT,2018-08-28 00:00:00,2018-08-29 00:00:00,-3.169398907103825
ADANIENT,2018-10-10 00:00:00,2018-10-24 00:00:00,15.904365904365894
ADANIENT,2018-11-29 00:00:00,2018-12-04 00:00:00,-3.825622775800705
ADANIENT,2019-03-12 00:00:00,2019-03-15 00:00:00,-4.2992552471225425
ADANIENT,2019-05-20 00:00:00,2019-05-27 00:00:00,2.4135681669928166
ADANIENT,2019-09-20 00:00:00,2019-09-25 00:00:00,-0.675219446320054
ADANIENT,2019-10-15 00:00:00,2019-11-13 00:00:00,27.501613944480308
ADANIENT,2019-11-25 00:00:00,2019-11-28 00:00:00,-1.6241299303944314
ADANIENT,2019-12-20 00:00:00,2019-12-24 00:00:00,-4.021139705882353
ADANIENT,2020-02-14 00:00:00,2020-02-18 00:00:00,-2.6212832550860674
ADANIENT,2020-07-28 00:00:00,2020-07-30 00:00:00,0.665124349334879
ADANIENT,2020-08-07 00:00:00,2020-08-28 00:00:00,49.934810951760106
ADANIENT,2020-10-29 00:00:00,2020-11-20 00:00:00,16.55110039192042
ADANIENT,2020-11-23 00:00:00,2020-11-26 00:00:00,-1.2409386902567912
ADANIENT,2020-12-01 00:00:00,2020-12-10 00:00:00,5.699052132701424
ADANIENT,2020-12-28 00:00:00,2020-12-30 00:00:00,-2.1107372285102524
ADANIENT,2021-01-07 00:00:00,2021-01-15 00:00:00,1.9499417927823184
ADANIENT,2021-01-20 00:00:00,2021-01-22 00:00:00,-3.4950921933767463
ADANIENT,2021-02-02 00:00:00,2021-02-23 00:00:00,41.510606195082985
ADANIENT,2021-03-22 00:00:00,2021-03-24 00:00:00,2.7542799597180285
ADANIENT,2021-05-03 00:00:00,2021-05-12 00:00:00,2.0771277652011486
ADANIENT,2021-06-01 00:00:00,2021-06-07 00:00:00,14.306810590344929
ADANIENT,2021-08-06 00:00:00,2021-08-09 00:00:00,-3.4925276153346325
ADANIENT,2021-08-31 00:00:00,2021-09-01 00:00:00,-1.2618296529968454
ADANIENT,2021-10-13 00:00:00,2021-10-18 00:00:00,2.7961783439490504
ADANIENT,2021-11-09 00:00:00,2021-11-16 00:00:00,4.960195958358849
ADANIENT,2022-03-10 00:00:00,2022-03-15 00:00:00,-1.9042123485285631
ADANIENT,2022-03-17 00:00:00,2022-03-23 00:00:00,-0.6428571428571453
ADANIENT,2022-03-30 00:00:00,2022-04-19 00:00:00,7.788944723618091
ADANIENT,2022-07-21 00:00:00,2022-08-05 00:00:00,7.657314629258524
ADANIENT,2022-10-20 00:00:00,2022-10-25 00:00:00,-2.0787518573551207
ADANIENT,2023-04-28 00:00:00,2023-05-03 00:00:00,-4.526534859521332
ADANIENT,2023-05-22 00:00:00,2023-05-26 00:00:00,8.533065361014291
ADANIENT,2023-08-03 00:00:00,2023-08-08 00:00:00,-2.2782862553258636
ADANIENT,2023-11-24 00:00:00,2023-11-29 00:00:00,6.444444444444445
ADANIENT,2023-12-04 00:00:00,2023-12-08 00:00:00,12.131004539957566
ADANIENT,2024-01-03 00:00:00,2024-01-04 00:00:00,-0.29286474973376536
TATAPOWER,2017-09-13 00:00:00,2017-09-18 00:00:00,-1.704879482657264
TATAPOWER,2017-11-17 00:00:00,2017-11-30 00:00:00,5.676126878130227
TATAPOWER,2018-01-01 00:00:00,2018-01-04 00:00:00,2.3662551440329187
TATAPOWER,2018-04-10 00:00:00,2018-04-17 00:00:00,0.6354708261120707
TATAPOWER,2018-09-03 00:00:00,2018-09-04 00:00:00,-5.7324840764331215
TATAPOWER,2018-10-29 00:00:00,2018-11-01 00:00:00,-2.8698979591836733
TATAPOWER,2018-12-03 00:00:00,2018-12-06 00:00:00,-3.7735849056603876
TATAPOWER,2019-05-27 00:00:00,2019-05-31 00:00:00,-2.8954802259886967
TATAPOWER,2019-07-01 00:00:00,2019-07-05 00:00:00,-0.9154929577464869
TATAPOWER,2019-09-06 00:00:00,2019-09-17 00:00:00,8.389830508474581
TATAPOWER,2019-09-20 00:00:00,2019-09-25 00:00:00,-5.646359583952448
TATAPOWER,2020-01-10 00:00:00,2020-01-20 00:00:00,1.7811704834605548
TATAPOWER,2020-08-20 00:00:00,2020-08-25 00:00:00,-1.4705882352941269
TATAPOWER,2020-11-18 00:00:00,2020-11-23 00:00:00,-2.233250620347397
TATAPOWER,2020-11-25 00:00:00,2020-12-17 00:00:00,21.544715447154474
TATAPOWER,2021-02-04 00:00:00,2021-02-09 00:00:00,-2.7777777777777777
TATAPOWER,2021-02-25 00:00:00,2021-03-09 00:00:00,11.660593440916193
TATAPOWER,2021-08-02 00:00:00,2021-08-03 00:00:00,-0.6746626686656714
TATAPOWER,2021-09-01 00:00:00,2021-09-06 00:00:00,-0.8630393996247697
TATAPOWER,2021-09-23 00:00:00,2021-09-24 00:00:00,-3.46740638002774
TATAPOWER,2021-09-29 00:00:00,2021-10-08 00:00:00,17.20039617035326
TATAPOWER,2021-10-11 00:00:00,2021-10-14 00:00:00,15.910276473656756
TATAPOWER,2021-10-18 00:00:00,2021-10-19 00:00:00,-12.906328140026924
TATAPOWER,2021-11-09 00:00:00,2021-11-12 00:00:00,-0.9905076351630234
TATAPOWER,2021-11-17 00:00:00,2021-11-18 00:00:00,-5.183109865919548
TATAPOWER,2022-07-08 00:00:00,2022-07-20 00:00:00,3.4388521976770585
TATAPOWER,2022-09-06 00:00:00,2022-09-09 00:00:00,-2.0202020202020203
TATAPOWER,2022-10-27 00:00:00,2022-11-04 00:00:00,0.5509034817100045
TATAPOWER,2022-12-06 00:00:00,2022-12-09 00:00:00,-3.8713910761154833
TATAPOWER,2023-01-31 00:00:00,2023-02-03 00:00:00,-3.4766267324406885
TATAPOWER,2023-03-06 00:00:00,2023-03-10 00:00:00,-0.8317490494296578
TATAPOWER,2023-05-11 00:00:00,2023-05-18 00:00:00,-0.8716707021791823
TATAPOWER,2023-05-29 00:00:00,2023-05-31 00:00:00,-1.9292604501607666
TATAPOWER,2023-07-06 00:00:00,2023-07-10 00:00:00,-2.089227421109907
TATAPOWER,2023-07-28 00:00:00,2023-08-04 00:00:00,0.17014036580178887
TATAPOWER,2023-08-22 00:00:00,2023-08-25 00:00:00,-0.020508613617724106
TATAPOWER,2023-09-01 00:00:00,2023-09-13 00:00:00,3.7181996086105675
TATAPOWER,2023-11-08 00:00:00,2023-11-09 00:00:00,-2.552021986650962
TATAPOWER,2023-11-13 00:00:00,2023-11-20 00:00:00,1.301729162618988
TATAPOWER,2023-11-28 00:00:00,2023-12-14 00:00:00,23.985239852398525
TATAPOWER,2024-01-05 00:00:00,2024-01-12 00:00:00,4.679477776147862
TVSMOTOR,2017-08-01 00:00:00,2017-08-09 00:00:00,-0.6722689075630253
TVSMOTOR,2017-09-07 00:00:00,2017-09-19 00:00:00,4.048070841239725
TVSMOTOR,2017-10-09 00:00:00,2017-10-18 00:00:00,1.9128508124076875
TVSMOTOR,2017-11-23 00:00:00,2017-11-29 00:00:00,0.13605442176870747
TVSMOTOR,2017-12-19 00:00:00,2017-12-20 00:00:00,-0.6457387635061639
TVSMOTOR,2018-04-02 00:00:00,2018-04-04 00:00:00,-2.203312566479258
TVSMOTOR,2018-09-07 00:00:00,2018-09-12 00:00:00,-2.1608338276417256
TVSMOTOR,2018-12-12 00:00:00,2018-12-13 00:00:00,-1.7391304347826086
TVSMOTOR,2019-01-22 00:00:00,2019-01-23 00:00:00,-5.503597122302162
TVSMOTOR,2019-03-05 00:00:00,2019-03-08 00:00:00,-1.8218623481781375
TVSMOTOR,2019-03-11 00:00:00,2019-03-12 00:00:00,-1.3121272365805214
TVSMOTOR,2019-04-12 00:00:00,2019-04-23 00:00:00,2.9358717434869694
TVSMOTOR,2019-08-09 00:00:00,2019-08-13 00:00:00,-5.230690142655192
TVSMOTOR,2019-09-06 00:00:00,2019-09-12 00:00:00,2.0726747999475363
TVSMOTOR,2019-09-20 00:00:00,2019-09-25 00:00:00,-6.572769953051644
TVSMOTOR,2019-10-17 00:00:00,2019-10-27 00:00:00,3.326612903225812
TVSMOTOR,2020-04-30 00:00:00,2020-05-05 00:00:00,-5.54789272030652
TVSMOTOR,2020-07-03 00:00:00,2020-07-07 00:00:00,0.5799293998991312
TVSMOTOR,2020-08-20 00:00:00,2020-08-24 00:00:00,-0.7095343680709509
TVSMOTOR,2020-08-26 00:00:00,2020-08-28 00:00:00,-3.4261241970021414
TVSMOTOR,2020-09-14 00:00:00,2020-09-21 00:00:00,-1.635924462011416
TVSMOTOR,2020-09-28 00:00:00,2020-10-08 00:00:00,-0.46413502109704396
TVSMOTOR,2020-11-27 00:00:00,2020-12-02 00:00:00,-1.8384569017480363
TVSMOTOR,2020-12-07 00:00:00,2020-12-10 00:00:00,-2.372316439564753
TVSMOTOR,2021-04-28 00:00:00,2021-04-29 00:00:00,-2.565485362095528
TVSMOTOR,2021-05-18 00:00:00,2021-05-21 00:00:00,-2.5720966484801244
TVSMOTOR,2021-05-26 00:00:00,2021-05-28 00:00:00,-4.72967776666923
TVSMOTOR,2021-09-03 00:00:00,2021-09-08 00:00:00,1.1111111111111112
TVSMOTOR,2021-10-01 00:00:00,2021-10-04 00:00:00,-1.608932653420097
TVSMOTOR,2021-10-22 00:00:00,2021-10-25 00:00:00,-3.37750484809308
TVSMOTOR,2021-10-28 00:00:00,2021-11-15 00:00:00,12.970069071373752
TVSMOTOR,2022-01-12 00:00:00,2022-01-18 00:00:00,-2.2595419847328175
TVSMOTOR,2022-02-03 00:00:00,2022-02-14 00:00:00,-2.4330527926549315
TVSMOTOR,2022-04-08 00:00:00,2022-04-13 00:00:00,-0.6723716381418058
TVSMOTOR,2022-04-26 00:00:00,2022-04-29 00:00:00,-3.6532689069478064
TVSMOTOR,2022-05-17 00:00:00,2022-06-03 00:00:00,7.563894223666723
TVSMOTOR,2022-06-23 00:00:00,2022-07-05 00:00:00,5.336787564766846
TVSMOTOR,2022-07-29 00:00:00,2022-08-12 00:00:00,5.2521008403361344
TVSMOTOR,2022-09-01 00:00:00,2022-09-13 00:00:00,2.4630541871921183
TVSMOTOR,2022-09-20 00:00:00,2022-09-23 00:00:00,-4.057301293900193
TVSMOTOR,2022-12-19 00:00:00,2022-12-21 00:00:00,-2.36540826946731
TVSMOTOR,2022-12-28 00:00:00,2023-01-02 00:00:00,-0.757156048014778
TVSMOTOR,2023-01-25 00:00:00,2023-02-01 00:00:00,-2.0134874759152193
TVSMOTOR,2023-02-15 00:00:00,2023-02-23 00:00:00,1.0183299389002036
TVSMOTOR,2023-03-29 00:00:00,2023-04-18 00:00:00,6.0791400240941655
TVSMOTOR,2023-05-05 00:00:00,2023-05-15 00:00:00,1.3585837793330588
TVSMOTOR,2023-05-23 00:00:00,2023-05-30 00:00:00,1.4784946236559178
TVSMOTOR,2023-06-06 00:00:00,2023-06-12 00:00:00,0.19078971980097675
TVSMOTOR,2023-07-25 00:00:00,2023-07-26 00:00:00,-0.9900990099009934
TVSMOTOR,2023-08-29 00:00:00,2023-09-12 00:00:00,6.322254335260117
TVSMOTOR,2023-09-15 00:00:00,2023-09-20 00:00:00,0.39920159680638717
TVSMOTOR,2023-10-12 00:00:00,2023-10-18 00:00:00,-0.18785222291797118
TVSMOTOR,2023-12-13 00:00:00,2023-12-18 00:00:00,-1.12098765432099
ASHOKLEY,2017-08-01 00:00:00,2017-08-02 00:00:00,-1.805869074492099
ASHOKLEY,2017-08-08 00:00:00,2017-08-09 00:00:00,-3.027604630454133
ASHOKLEY,2017-08-30 00:00:00,2017-09-06 00:00:00,4.613233923578754
ASHOKLEY,2017-09-29 00:00:00,2017-10-05 00:00:00,-0.36496350364963737
ASHOKLEY,2017-11-24 00:00:00,2017-11-30 00:00:00,0.5065428450823084
ASHOKLEY,2018-01-02 00:00:00,2018-01-11 00:00:00,2.9149797570850158
ASHOKLEY,2018-02-28 00:00:00,2018-03-06 00:00:00,-1.8296973961998555
ASHOKLEY,2018-03-08 00:00:00,2018-03-16 00:00:00,1.86721991701246
ASHOKLEY,2018-04-20 00:00:00,2018-05-02 00:00:00,4.088860270444298
ASHOKLEY,2018-08-08 00:00:00,2018-08-14 00:00:00,0.1589193484306737
ASHOKLEY,2018-08-23 00:00:00,2018-08-24 00:00:00,-2.3440453686200335
ASHOKLEY,2018-12-19 00:00:00,2018-12-24 00:00:00,-3.736162361623627
ASHOKLEY,2019-03-05 00:00:00,2019-03-08 00:00:00,-0.9376723662438042
ASHOKLEY,2019-04-11 00:00:00,2019-04-18 00:00:00,1.1615628299894343
ASHOKLEY,2019-05-24 00:00:00,2019-05-29 00:00:00,-4.605611434621502
ASHOKLEY,2019-07-03 00:00:00,2019-07-05 00:00:00,-3.66056572379369
ASHOKLEY,2019-09-20 00:00:00,2019-09-25 00:00:00,1.7946877243359656
ASHOKLEY,2019-10-29 00:00:00,2019-10-31 00:00:00,-3.2176656151419523
ASHOKLEY,2020-01-21 00:00:00,2020-01-27 00:00:00,-1.1020881670533675
ASHOKLEY,2020-04-30 00:00:00,2020-05-04 00:00:00,-5.826170009551106
ASHOKLEY,2020-06-08 00:00:00,2020-06-09 00:00:00,-5.14018691588785
ASHOKLEY,2020-06-23 00:00:00,2020-06-24 00:00:00,-3.5523978685612794
ASHOKLEY,2020-08-11 00:00:00,2020-08-21 00:00:00,32.122370936902485
ASHOKLEY,2020-09-14 00:00:00,2020-09-21 00:00:00,-0.3342245989304813
ASHOKLEY,2020-11-03 00:00:00,2020-11-23 00:00:00,8.900836320191162
ASHOKLEY,2020-12-16 00:00:00,2020-12-21 00:00:00,-8.517034068136272
ASHOKLEY,2021-01-04 00:00:00,2021-01-14 00:00:00,14.251439539347402
ASHOKLEY,2021-02-02 00:00:00,2021-02-05 00:00:00,-0.561377245508982
ASHOKLEY,2021-04-08 00:00:00,2021-04-12 00:00:00,-8.685064935064938
ASHOKLEY,2021-06-04 00:00:00,2021-06-09 00:00:00,-2.2033243138770735
ASHOKLEY,2021-07-14 00:00:00,2021-07-19 00:00:00,-2.270058708414877
ASHOKLEY,2021-07-30 00:00:00,2021-08-04 00:00:00,2.2264150943396137
ASHOKLEY,2021-09-09 00:00:00,2021-09-13 00:00:00,-1.5948963317384368
ASHOKLEY,2021-10-07 00:00:00,2021-10-19 00:00:00,2.9834254143646493
ASHOKLEY,2022-01-03 00:00:00,2022-01-18 00:00:00,6.402199528672421
ASHOKLEY,2022-04-07 00:00:00,2022-04-13 00:00:00,1.3481363996827938
ASHOKLEY,2022-06-23 00:00:00,2022-07-04 00:00:00,4.120386958079541
ASHOKLEY,2022-10-31 00:00:00,2022-11-02 00:00:00,-2.4485798237022527
ASHOKLEY,2023-01-02 00:00:00,2023-01-05 00:00:00,-0.4368279569892511
ASHOKLEY,2023-01-09 00:00:00,2023-01-12 00:00:00,-2.779616148246187
ASHOKLEY,2023-06-08 00:00:00,2023-06-09 00:00:00,-0.5228758169934715
ASHOKLEY,2023-08-09 00:00:00,2023-08-14 00:00:00,-0.1868161195623135
ASHOKLEY,2023-11-08 00:00:00,2023-11-16 00:00:00,0.3450258769407673
ASHOKLEY,2023-11-30 00:00:00,2023-12-01 00:00:00,-3.852459016393449
ASHOKLEY,2023-12-29 00:00:00,2024-01-02 00:00:00,-0.3036157880209834
DIXON,2018-03-01 00:00:00,2018-03-05 00:00:00,-2.3347398030942363
DIXON,2018-04-05 00:00:00,2018-04-12 00:00:00,-1.315068493150688
DIXON,2018-04-30 00:00:00,2018-05-02 00:00:00,-3.0838655928908687
DIXON,2018-07-10 00:00:00,2018-07-11 00:00:00,-2.9402048232573432
DIXON,2018-08-28 00:00:00,2018-08-30 00:00:00,-0.17097595868660884
DIXON,2018-12-19 00:00:00,2018-12-24 00:00:00,-1.1863207547169747
DIXON,2019-01-15 00:00:00,2019-01-17 00:00:00,0.23786430187982766
DIXON,2019-01-23 00:00:00,2019-01-28 00:00:00,-2.7263397438757813
DIXON,2019-01-31 00:00:00,2019-02-01 00:00:00,-3.910480349344984
DIXON,2019-03-05 00:00:00,2019-03-13 00:00:00,5.30749789385004
DIXON,2019-05-24 00:00:00,2019-05-31 00:00:00,0.2061855670103093
DIXON,2019-08-14 00:00:00,2019-08-19 00:00:00,-2.3763648041104735
DIXON,2019-08-27 00:00:00,2019-08-29 00:00:00,0.963762528912876
DIXON,2019-09-23 00:00:00,2019-09-24 00:00:00,-2.430555555555556
DIXON,2019-10-04 00:00:00,2019-10-16 00:00:00,0.33333333333333337
DIXON,2019-11-14 00:00:00,2019-11-19 00:00:00,-1.1848666453177152
DIXON,2019-12-04 00:00:00,2019-12-06 00:00:00,-1.2758620689655167
DIXON,2019-12-26 00:00:00,2019-12-31 00:00:00,-2.813299232736573
DIXON,2020-01-07 00:00:00,2020-01-10 00:00:00,-1.3222458126916634
DIXON,2020-01-27 00:00:00,2020-01-29 00:00:00,-1.8451419339949235
DIXON,2020-04-16 00:00:00,2020-04-17 00:00:00,-1.8877679697351861
DIXON,2020-04-30 00:00:00,2020-05-06 00:00:00,-3.8159946778925216
DIXON,2020-05-28 00:00:00,2020-06-04 00:00:00,11.484593837535003
DIXON,2020-07-08 00:00:00,2020-07-16 00:00:00,5.854839371435597
DIXON,2020-07-20 00:00:00,2020-07-28 00:00:00,3.650167907723755
DIXON,2020-08-03 00:00:00,2020-08-06 00:00:00,-3.3093687233683164
DIXON,2020-09-07 00:00:00,2020-09-11 00:00:00,2.987644826375531
DIXON,2020-09-14 00:00:00,2020-09-17 00:00:00,-1.3974683544303752
DIXON,2020-10-14 00:00:00,2020-10-15 00:00:00,-4.1944529664734445
DIXON,2020-11-05 00:00:00,2020-11-09 00:00:00,-4.0594059405940595
DIXON,2020-12-10 00:00:00,2020-12-18 00:00:00,10.322511279003885
DIXON,2021-01-05 00:00:00,2021-01-12 00:00:00,7.650142653352361
DIXON,2021-02-02 00:00:00,2021-02-15 00:00:00,17.66782773907536
DIXON,2021-02-18 00:00:00,2021-02-22 00:00:00,-6.198243412797993
DIXON,2021-02-25 00:00:00,2021-02-26 00:00:00,-2.0698831994480313
DIXON,2021-03-12 00:00:00,2021-03-17 00:00:00,-2.093158660844255
DIXON,2021-04-19 00:00:00,2021-04-26 00:00:00,2.314571278274592
DIXON,2021-04-27 00:00:00,2021-05-04 00:00:00,2.207084468664859
DIXON,2021-06-18 00:00:00,2021-06-23 00:00:00,1.0361173814898337
DIXON,2021-09-27 00:00:00,2021-10-06 00:00:00,7.56384082465946
DIXON,2021-10-08 00:00:00,2021-10-20 00:00:00,-2.8482815959345094
DIXON,2021-12-08 00:00:00,2021-12-16 00:00:00,3.627906976744186
DIXON,2022-04-05 00:00:00,2022-04-07 00:00:00,-3.694666378751897
DIXON,2022-05-30 00:00:00,2022-06-03 00:00:00,-0.6666666666666667
DIXON,2022-09-07 00:00:00,2022-09-15 00:00:00,4.528819762122598
DIXON,2022-10-31 00:00:00,2022-11-07 00:00:00,0.21024676330640701
DIXON,2023-02-24 00:00:00,2023-03-08 00:00:00,4.1012838801711835
DIXON,2023-05-24 00:00:00,2023-06-06 00:00:00,10.508280982295831
DIXON,2023-06-08 00:00:00,2023-06-20 00:00:00,11.35761589403974
DIXON,2023-08-03 00:00:00,2023-08-11 00:00:00,7.505050505050513
DIXON,2023-08-22 00:00:00,2023-08-24 00:00:00,-0.7279947054930546
DIXON,2023-09-27 00:00:00,2023-10-04 00:00:00,-1.098901098901099
DIXON,2023-10-19 00:00:00,2023-10-23 00:00:00,-1.4500907441016266
DIXON,2023-11-16 00:00:00,2023-11-23 00:00:00,-1.7314422545588508
DIXON,2023-12-01 00:00:00,2023-12-06 00:00:00,0.4363148179224702
DIXON,2023-12-11 00:00:00,2023-12-14 00:00:00,-1.3438086303939933
SBIN,2017-07-31 00:00:00,2017-08-02 00:00:00,-2.3017902813299194
SBIN,2017-11-10 00:00:00,2017-11-15 00:00:00,-2.2618334331935324
SBIN,2018-01-23 00:00:00,2018-01-25 00:00:00,-2.1790249255369143
SBIN,2018-05-08 00:00:00,2018-05-15 00:00:00,-1.4982021574111066
SBIN,2018-05-23 00:00:00,2018-05-29 00:00:00,0.07591573353577098
SBIN,2018-06-12 00:00:00,2018-06-15 00:00:00,-2.165492957746471
SBIN,2018-07-23 00:00:00,2018-08-02 00:00:00,10.277569392348077
SBIN,2018-08-06 00:00:00,2018-08-07 00:00:00,-1.618646811265782
SBIN,2018-11-05 00:00:00,2018-11-06 00:00:00,-3.6317567567567566
SBIN,2018-12-19 00:00:00,2018-12-20 00:00:00,-1.8363939899833055
SBIN,2019-01-08 00:00:00,2019-01-11 00:00:00,-1.2602291325695656
SBIN,2019-03-11 00:00:00,2019-03-22 00:00:00,3.7637219027705218
SBIN,2019-03-27 00:00:00,2019-04-03 00:00:00,4.10714285714285
SBIN,2019-06-21 00:00:00,2019-07-08 00:00:00,1.9335433973073617
SBIN,2019-09-13 00:00:00,2019-09-16 00:00:00,-2.4867089693020064
SBIN,2019-09-20 00:00:00,2019-09-24 00:00:00,-0.29811195760184744
SBIN,2020-06-01 00:00:00,2020-06-08 00:00:00,9.705882352941178
SBIN,2020-08-12 00:00:00,2020-08-17 00:00:00,-4.914004914004914
SBIN,2020-08-25 00:00:00,2020-08-31 00:00:00,1.7527010804321757
SBIN,2020-10-09 00:00:00,2020-10-13 00:00:00,-1.4368540458784949
SBIN,2020-11-05 00:00:00,2020-11-13 00:00:00,5.34734917733089
SBIN,2020-12-03 00:00:00,2020-12-16 00:00:00,4.990253411306048
SBIN,2020-12-29 00:00:00,2020-12-31 00:00:00,-1.17011701170117
SBIN,2021-01-12 00:00:00,2021-01-18 00:00:00,-0.25579809004092774
SBIN,2021-02-01 00:00:00,2021-02-10 00:00:00,25.607028753993603
SBIN,2021-04-28 00:00:00,2021-04-29 00:00:00,-1.3927192498621102
SBIN,2021-05-21 00:00:00,2021-06-07 00:00:00,6.823529411764709
SBIN,2021-09-15 00:00:00,2021-09-17 00:00:00,2.037370553804595
SBIN,2021-10-12 00:00:00,2021-10-28 00:00:00,4.2861579873692905
SBIN,2021-11-03 00:00:00,2021-11-09 00:00:00,-0.3766478342749529
SBIN,2022-01-17 00:00:00,2022-01-18 00:00:00,-1.2744430392061616
SBIN,2022-01-27 00:00:00,2022-01-28 00:00:00,-1.1153119092627557
SBIN,2022-01-31 00:00:00,2022-02-04 00:00:00,-1.505576208178443
SBIN,2022-07-06 00:00:00,2022-07-12 00:00:00,0.593070440120688
SBIN,2022-07-19 00:00:00,2022-07-26 00:00:00,3.173327977505537
SBIN,2022-07-27 00:00:00,2022-07-29 00:00:00,-0.1324879341345785
SBIN,2022-08-02 00:00:00,2022-08-05 00:00:00,-1.4166666666666625
SBIN,2022-09-14 00:00:00,2022-09-20 00:00:00,0.22715359077408148
SBIN,2022-10-17 00:00:00,2022-10-31 00:00:00,5.431985294117639
SBIN,2022-11-04 00:00:00,2022-11-11 00:00:00,0.8057747188181894
SBIN,2022-12-05 00:00:00,2022-12-07 00:00:00,-1.6129032258064404
SBIN,2022-12-14 00:00:00,2022-12-15 00:00:00,-1.703182472413238
SBIN,2023-03-03 00:00:00,2023-03-09 00:00:00,-0.409982174688049
SBIN,2023-04-17 00:00:00,2023-04-21 00:00:00,-0.3857457751653238
SBIN,2023-07-03 00:00:00,2023-07-11 00:00:00,0.6063711674780006
SBIN,2023-07-17 00:00:00,2023-08-01 00:00:00,1.719269102990037
SBIN,2023-09-13 00:00:00,2023-09-21 00:00:00,-1.342281879194631
SBIN,2023-12-04 00:00:00,2023-12-20 00:00:00,6.503860355824102
PERSISTENT,2017-09-26 00:00:00,2017-09-28 00:00:00,-1.91453515086537
PERSISTENT,2017-12-26 00:00:00,2018-01-03 00:00:00,0.4630969609262005
PERSISTENT,2018-01-09 00:00:00,2018-01-15 00:00:00,0.033647375504710635
PERSISTENT,2018-01-22 00:00:00,2018-01-25 00:00:00,-0.7967377666248461
PERSISTENT,2018-02-23 00:00:00,2018-02-27 00:00:00,2.084726189752626
PERSISTENT,2018-04-30 00:00:00,2018-05-04 00:00:00,-2.614298104324126
PERSISTENT,2018-07-09 00:00:00,2018-07-12 00:00:00,-0.9352941176470642
PERSISTENT,2018-09-10 00:00:00,2018-09-12 00:00:00,-5.322381005963775
PERSISTENT,2019-03-12 00:00:00,2019-03-13 00:00:00,-4.492753623188406
PERSISTENT,2019-06-07 00:00:00,2019-06-13 00:00:00,1.7100310914743793
PERSISTENT,2019-09-16 00:00:00,2019-09-17 00:00:00,-1.049733264498369
PERSISTENT,2019-10-16 00:00:00,2019-10-23 00:00:00,0.23302263648470223
PERSISTENT,2019-11-14 00:00:00,2019-11-19 00:00:00,-0.9009009009009009
PERSISTENT,2019-11-21 00:00:00,2019-11-22 00:00:00,-2.731046537032991
PERSISTENT,2020-01-01 00:00:00,2020-01-03 00:00:00,-1.5553977272727337
PERSISTENT,2020-01-21 00:00:00,2020-01-27 00:00:00,1.3258897418004187
PERSISTENT,2020-05-06 00:00:00,2020-05-12 00:00:00,3.7773359840954273
PERSISTENT,2020-06-19 00:00:00,2020-06-25 00:00:00,0.0
PERSISTENT,2020-06-26 00:00:00,2020-07-20 00:00:00,20.263157894736835
PERSISTENT,2020-07-27 00:00:00,2020-08-06 00:00:00,12.718786464410737
PERSISTENT,2020-08-21 00:00:00,2020-08-27 00:00:00,0.6704980842911877
PERSISTENT,2020-09-14 00:00:00,2020-09-24 00:00:00,0.3361779156969305
PERSISTENT,2020-09-28 00:00:00,2020-10-05 00:00:00,3.10077519379845
PERSISTENT,2020-11-24 00:00:00,2020-11-27 00:00:00,-2.3577235772357725
PERSISTENT,2020-12-11 00:00:00,2020-12-14 00:00:00,-2.515290519877683
PERSISTENT,2020-12-30 00:00:00,2021-01-04 00:00:00,-1.1010489282689484
PERSISTENT,2021-01-05 00:00:00,2021-01-18 00:00:00,1.929260450160772
PERSISTENT,2021-02-03 00:00:00,2021-02-11 00:00:00,5.17438708511536
PERSISTENT,2021-03-10 00:00:00,2021-03-24 00:00:00,6.278026905829597
PERSISTENT,2021-04-30 00:00:00,2021-05-12 00:00:00,7.3786407766990285
PERSISTENT,2021-05-17 00:00:00,2021-05-20 00:00:00,-3.227807530861652
PERSISTENT,2021-06-28 00:00:00,2021-07-05 00:00:00,7.897664071190211
PERSISTENT,2021-07-23 00:00:00,2021-07-27 00:00:00,4.58688181682355
PERSISTENT,2021-08-17 00:00:00,2021-09-09 00:00:00,8.97196261682243
PERSISTENT,2021-09-13 00:00:00,2021-09-17 00:00:00,-1.1142061281337048
PERSISTENT,2021-10-08 00:00:00,2021-10-13 00:00:00,-1.1381105876518745
PERSISTENT,2021-10-14 00:00:00,2021-10-18 00:00:00,-1.9519162104260892
PERSISTENT,2021-11-15 00:00:00,2021-11-18 00:00:00,-2.027758174547161
PERSISTENT,2021-12-17 00:00:00,2021-12-20 00:00:00,-4.785407725321889
PERSISTENT,2021-12-30 00:00:00,2022-01-04 00:00:00,-0.3551575046324892
PERSISTENT,2022-04-05 00:00:00,2022-04-07 00:00:00,-3.72297021623827
PERSISTENT,2022-07-20 00:00:00,2022-07-22 00:00:00,3.0307779994300343
PERSISTENT,2022-08-04 00:00:00,2022-08-08 00:00:00,-0.15932023366967604
PERSISTENT,2022-10-06 00:00:00,2022-10-07 00:00:00,-1.7479560191711305
PERSISTENT,2022-10-14 00:00:00,2022-10-21 00:00:00,0.7074175824175825
PERSISTENT,2022-10-25 00:00:00,2022-10-28 00:00:00,-5.511399971287997
PERSISTENT,2022-11-25 00:00:00,2022-12-06 00:00:00,4.085750315258512
PERSISTENT,2023-01-02 00:00:00,2023-01-05 00:00:00,-2.1588089330024816
PERSISTENT,2023-01-19 00:00:00,2023-02-08 00:00:00,13.754699414267366
PERSISTENT,2023-05-19 00:00:00,2023-05-23 00:00:00,1.5384615384615385
PERSISTENT,2023-08-16 00:00:00,2023-08-18 00:00:00,-2.1609065953403217
PERSISTENT,2023-08-21 00:00:00,2023-08-28 00:00:00,0.6337515095262333
PERSISTENT,2023-08-31 00:00:00,2023-09-11 00:00:00,10.407256640458012
PERSISTENT,2023-12-22 00:00:00,2024-01-01 00:00:00,-1.4818304172274612
IEX,2017-12-12 00:00:00,2017-12-13 00:00:00,-1.1710037174721104
IEX,2018-04-25 00:00:00,2018-04-27 00:00:00,-2.4447240697465387
IEX,2018-08-27 00:00:00,2018-08-29 00:00:00,-2.790859933717079
IEX,2019-03-13 00:00:00,2019-03-18 00:00:00,-2.0098666179426172
IEX,2019-05-28 00:00:00,2019-05-31 00:00:00,-2.3732675147142586
IEX,2020-01-02 00:00:00,2020-01-17 00:00:00,20.684931506849317
IEX,2020-04-20 00:00:00,2020-04-23 00:00:00,-3.893480257116629
IEX,2020-05-15 00:00:00,2020-05-21 00:00:00,2.1775858832363366
IEX,2020-06-01 00:00:00,2020-06-08 00:00:00,-2.355794214446561
IEX,2020-06-16 00:00:00,2020-06-17 00:00:00,-1.8971947462299361
IEX,2020-06-19 00:00:00,2020-06-24 00:00:00,-4.63893613731251
IEX,2020-08-10 00:00:00,2020-08-13 00:00:00,-2.569230769230772
IEX,2020-09-14 00:00:00,2020-09-17 00:00:00,-0.7228567297961543
IEX,2020-11-12 00:00:00,2020-11-14 00:00:00,-1.4353380221042056
IEX,2020-12-30 00:00:00,2021-01-05 00:00:00,-2.300531914893622
IEX,2021-02-11 00:00:00,2021-02-15 00:00:00,-3.426573426573419
IEX,2021-03-12 00:00:00,2021-03-22 00:00:00,8.261665141811529
IEX,2021-04-26 00:00:00,2021-04-29 00:00:00,-1.2277227722772255
IEX,2021-07-05 00:00:00,2021-07-27 00:00:00,9.501151189562544
IEX,2021-08-24 00:00:00,2021-09-03 00:00:00,25.359949920011115
IEX,2021-09-29 00:00:00,2021-10-01 00:00:00,-2.9483568075117375
IEX,2021-10-08 00:00:00,2021-10-21 00:00:00,7.692635345231504
IEX,2021-11-15 00:00:00,2021-11-16 00:00:00,-0.5545286506469501
IEX,2021-12-10 00:00:00,2021-12-14 00:00:00,-5.423728813559322
IEX,2022-03-09 00:00:00,2022-03-10 00:00:00,0.24636058230683597
IEX,2022-04-04 00:00:00,2022-04-08 00:00:00,0.7525083612040182
IEX,2022-08-16 00:00:00,2022-08-19 00:00:00,-5.081300813008131
IEX,2022-11-25 00:00:00,2022-11-30 00:00:00,-1.8892940006629066
IEX,2023-02-21 00:00:00,2023-02-27 00:00:00,-1.0387811634349031
IEX,2023-03-01 00:00:00,2023-03-03 00:00:00,-1.1548913043478184
IEX,2023-05-05 00:00:00,2023-05-12 00:00:00,-0.3162555344718533
IEX,2023-08-01 00:00:00,2023-08-04 00:00:00,-0.23566378633149815
IEX,2023-09-01 00:00:00,2023-09-12 00:00:00,0.6833712984054713
IEX,2023-11-15 00:00:00,2023-11-23 00:00:00,6.6103562247521115
IEX,2023-12-07 00:00:00,2023-12-12 00:00:00,-3.8119440914866582
IEX,2023-12-28 00:00:00,2024-01-03 00:00:00,0.8663366336633699
