stock,Jan,Feb,Mar,Apr,May,Jun,Jul,Aug,Sep,Oct,Nov,Dec
AARTIIND,5.764130761643992,-15.743162538516376,0.04683092501757047,61.35099561245416,-14.771855613731569,-13.818186412659028,12.399246819662778,-30.108185432879928,-29.190931273082477,11.08419750218398,34.91100940396885,23.037599837698806
ABB,40.037827425560145,-3.4064017831057725,-36.24236743825553,13.571145199624302,35.04248941551984,32.068944618369876,-83.38497847267848,32.199090149952156,4.092437149640471,1.0403617199495687,33.907065470754105,4.006742438918986
ABBOTINDIA,-14.487693293761815,24.077238972470727,10.182449840825358,28.056086059298913,14.788814262526406,33.27312115371919,724.158424345403,9.13846551221338,20.25138856754435,-1.4209058436673976,36.79261949386942,15.041825027332944
ABCAPITAL,-36.22091365719912,24.411501309455787,-60.09675968914334,48.03772006043043,-23.044710562905603,16.770700684486204,2.3143165766810188,11.087889513673089,-98.26282408611529,-24.945530579760323,107.04711373178944,-3.223331817738607
ABFRL,-6.483681030600552,12.005021519555559,-35.812701055029926,-42.25192489726658,0.49750488082112154,4.551992661351967,-73.07677747762114,53.66380130845022,23.712898584961273,22.7502216005956,15.676991654327445,14.33782017244387
ACC,-16.197526637347305,-30.09354346499894,-10.18610695183426,37.7242012919522,-2.236761681520695,-1.6723856919181217,85.75451204660229,4.952706630464842,1.1834865796075174,7.4141756873024605,4.526239826456946,8.83752975292802
ADANIENT,10.781389234141312,-23.971793919745018,20.669656902680423,17.042623228240107,51.51918776587121,12.368790522527295,-12.554173370854521,101.05898268617523,-48.582907676971104,78.48165394560453,70.8202042158536,49.55361324316722
ADANIPORTS,-10.528430529303023,13.190900162160457,-3.5831534669088736,55.92203249102167,18.256347079642897,-16.64315842223478,-1.7392960468823326,27.560366551164027,-5.691779846377676,2.121045325412138,29.882231894641397,42.522652461265565
ALKEM,13.663074443564383,-8.284650056481933,-1.2974197588419774,2.9711264217430315,-10.985162092461419,3.624733401552716,30.269391172317853,3.9066422899926674,16.723808813129015,-15.733042036270362,40.24381199297691,22.344941871462876
AMBUJACEM,-31.004339534955292,-15.41313099778171,-7.5771230268707335,42.328314950055166,8.981145968614669,-0.5394097274438514,-17.80303274799742,13.230977574685921,13.060667213453604,16.73968915680394,8.811930110269373,10.161388707025143
APOLLOHOSP,9.771395683322181,24.676640284202524,-55.12907281935853,38.37928622778413,-22.63789489435036,37.8159016012972,-59.81059479881186,34.694468187630115,2.017539423573056,10.893236158963859,74.34837218141413,-2.2126585690051765
APOLLOTYRE,-2.7388771771860823,0.6745924942060983,-47.53536800773619,32.19609890129193,9.290236457604784,-0.7367711164464765,-63.79886923349986,3.4568228623386354,6.874222240195618,19.20136560469691,45.75284567591907,16.448117851506414
ASHOKLEY,9.481914733508622,8.49558842381405,-46.38379271021944,43.37570374590397,-6.11069431215113,14.818143699794447,-86.62855939512451,38.31036204580509,30.80300042941606,24.780029165365356,-2.3315004592001767,-1.3198553170630452
ASIANPAINT,-33.952656336683084,-0.8934635823206643,6.145245113035102,22.33941379738643,15.762810436999485,-5.7399729582010774,364.02640102827934,18.312265572229826,3.4444864354274514,-2.63896574200584,8.477391014492664,44.04319512725997
ASTRAL,-3.1688061087702275,11.710177039984668,-7.4389737484810015,25.787505507491815,29.999816028092518,17.335607181100375,-68.4117230696524,43.97248545626558,29.186497909960686,-18.014800483928518,41.86668951211331,38.44260386145135
ATUL,6.342967785387288,0.5232756384565889,-0.22512845681624727,27.612540676641395,1.2275185595814753,1.7819570841706933,590.7141772925993,36.36288148117946,26.083468723172853,-8.538344584765355,11.174554708173723,21.5361472681313
AUBANK,45.714117337781154,11.124974998070392,-52.074784882454274,36.369434255726595,-17.493643295618856,25.27489018309993,55.564069325610596,-1.579262276484017,-23.226519026972383,19.792237783755276,58.98997006804232,6.2508208943213734
AUROPHARMA,-15.645275378549561,2.3225049539477993,10.098692754768624,86.45246509086223,-22.0126914842003,8.300900835958647,561.6069164812407,-1.89542934597078,1.70084087872765,-10.77021305903467,5.072027838559545,6.6226862090771
AXISBANK,34.801888036447835,-14.015952816701752,-46.234617473868894,20.651366006156888,4.176830226837904,1.2801544559144853,-77.40178446611392,41.9044290697383,-10.534011490750904,34.480173599937906,28.624982790197627,20.163840791101652
BAJAJ-AUTO,33.03817833134933,-17.312962422584498,-34.95996339040758,57.65384922013512,13.143587368168076,1.3867541583789667,15.037726678969843,6.4626814772901,9.692536735903946,19.06021324464027,17.13412603050474,18.052353115805143
BAJAJFINSV,-34.64414490599975,21.191719620798988,-48.37842449335052,34.09492776799552,6.272539332151017,22.38884075783394,-8.461161979777334,33.5865889088474,3.3482438496533202,-18.050526784806053,72.46411199170164,5.7845519211732075
BAJFINANCE,-18.399750478437703,19.4510377496131,-46.5529573073328,27.291364975861942,11.836851089165133,53.94449146522413,61.38839147217124,40.86155965299603,3.5872333906575045,0.826723545708195,28.429323688114195,19.124431703134327
BALKRISIND,-3.9685331335723046,-28.141407995515713,6.239222942101064,39.401611398906155,31.924508815473864,3.3584184749764434,-28.19145743672865,-5.689473721132264,7.873942477858608,13.526482478674728,32.37890181614572,25.009916564823033
BALRAMCHIN,-11.592787877617834,6.274025147656358,-9.42714740886204,24.486882565971957,6.333534219500704,16.55440660854106,6.0401926005924444,6.369025804313912,24.269015220833907,34.09705212811037,13.840180400215328,16.816922513273123
BANDHANBNK,-42.701271792922526,4.746542791248764,10.725446001124993,76.73895780110267,-18.900943741368117,24.0690950468684,11.858026915930797,-10.578561096737259,-18.9185809472909,-23.680310558826555,42.371795359696804,8.509006018141152
BANKBARODA,15.159304050448252,-18.720828990245028,-0.5051284257522344,-14.060508951998331,-7.393957280512344,3.6780867043566627,-23.346492046412706,-23.88322105547683,-34.55776622930835,65.18939530931831,26.038443866591983,48.232248845758065
BATAINDIA,-9.433816425346553,-14.184739415288817,-11.484470286795702,26.485661640673342,2.698345901386934,15.04908529499458,-58.14146999829948,57.032659046471764,-3.7670866844557773,30.25737292847801,0.49337529432770344,15.357494163801476
BEL,-16.494031332110644,-21.391867546660514,3.1510912201123795,8.612049607225782,27.53049152743081,54.9377152463227,-50.45201985535703,30.392634521878293,-30.25750044209895,33.66329260225784,8.390721405192147,32.24761840081732
BERGEPAINT,-24.557751152564546,-4.401665882683105,10.609297869910895,14.173149470180302,10.793068271115457,-12.45613675666999,-16.63344613861201,30.980913056187518,-0.8199562367127355,16.60748617070601,20.003822149910622,34.17791845809409
BHARATFORG,16.252732757678125,-6.6823291310756705,-71.75008238771197,40.26328623277388,-1.0160408415357578,1.2174349351496758,-28.074580172773384,38.35800911650067,-6.912450572493867,35.81572789725156,14.252650358718165,17.400607673476532
BHARTIARTL,4.82869592785482,0.07108724541513478,-13.808680043312457,33.061916348430856,8.259565731706587,5.737372821612096,16.651295381746277,16.4880912143046,-9.6797098889721,18.858587560318163,53.44554252837964,10.869692985974368
BHEL,-2.4338932318504947,-38.31800598802347,-24.98517048608514,30.071625032028006,66.60323543389798,7.092723459112085,-77.09155518219636,6.6190314843245535,-16.113559927183047,54.02779577553856,38.33801253432837,7.858219334965666
BIOCON,-2.5092726580008726,-3.926151247676279,-20.90413741151668,52.4953890178835,-9.246721741152154,0.05702216793152104,-96.29823281808427,-15.719461480968764,23.859626593569796,-24.662085945060074,50.58629073769417,36.35131745810778
BOSCHLTD,1.2212268678108313,-17.979516381023043,-35.18748510035653,17.14813067990176,-5.299067990093187,11.241006221502115,1606.4145289838223,-0.027617843994578006,-7.326588602834249,11.996199394640396,20.66721441803122,9.002752265177405
BPCL,-6.462914473975278,-26.371929886911083,-2.3779371465941894,9.570566976829396,9.158840125832434,-7.211358448666028,163.0475551691082,2.384798114447351,-2.005455675969524,-4.537342861871025,36.879389539191166,18.944655497954198
BRITANNIA,-0.3737033976036863,-8.507375790248929,-7.424219546353452,24.810789383964103,29.66440526580888,13.275243118663006,74.34492454728955,16.02720946777787,5.059198822558386,-6.153243298658183,32.3938148075822,8.213478539536279
BSOFT,-20.639092620081183,-22.540930873492158,-17.484791733980007,23.141542494573454,53.48044453617169,33.75131968746396,-55.186271277494996,31.411100836181312,-18.716783348936247,23.693440029985503,69.28481902809814,62.8314492735875
CANBK,3.8499006898631505,-57.04764102709906,-22.82585056406797,-8.30396275765848,1.3918305431203764,5.707113038864687,2.4998123789482323,-0.9679763145454836,-48.01728943562801,111.72350649251834,26.259960989237197,44.54627675989659
CANFINHOME,18.933363584751095,25.66532934582443,-10.055812446600122,-0.15483903108238906,-22.46812580822462,5.646226735462447,12.802644935869495,10.03947235654048,-31.24040472255045,17.46950662032435,9.161544659874476,0.716083474888662
CHAMBLFERT,64.35375636014898,-54.071613783106315,-20.184457705878508,44.24365763717919,17.195058504129427,-31.676316896484504,-48.64236444033997,31.40455081142063,-2.270121193765417,33.934177988601576,16.704289797114935,44.981527138023196
CHOLAFIN,22.04892510318438,56.43207861866289,-30.110604629822177,47.687012918053526,-2.6171737222934848,18.347930021651315,-69.04789020698102,47.68105669666053,-4.495268232164597,27.49008280854183,43.40772060157402,4.534961688833604
CIPLA,-7.994196242196083,-19.89227937854222,6.1023649008449805,61.44634421642536,5.283138324749835,16.167525765516533,-59.00359017617741,11.695523698826406,6.521525086603896,10.869479739231657,-13.878050867575254,4.676193511421144
COALINDIA,-3.296929633480517,20.118203935102542,-28.398478299448236,26.616816618482662,21.345136355628547,-24.96658740939026,-110.68141768227675,11.314881184131764,41.756280782695264,19.919907847946828,-10.329897015203082,11.574964190149807
COFORGE,51.7363905283959,-14.893349366055089,-19.39611958967801,38.68260400997843,46.77607875747635,9.299239289464445,7.623797510735562,41.28075209115385,-11.391644354995531,46.24281360770955,19.16784986553177,41.72383635384267
COLPAL,-21.738956448620527,-12.549711988462885,9.09028642357611,27.07918732548635,18.863272288217715,-14.372989681355818,11.331401064658175,9.181991010044987,10.173640378608383,10.898416099913922,-2.7122625803241656,32.799412123830386
CONCOR,-1.3085125880481154,-15.315701702050797,-13.861740092959748,16.191065967120434,39.34929309189515,5.677154018354323,-48.232034968422646,2.315969313173739,24.37950930965589,9.592842591972882,7.775857823708376,12.072487034229882
COROMANDEL,19.424903484230494,-15.784342296631658,5.86614246874646,-4.704564253325273,23.84893470784798,12.409362190870677,-60.12254118836797,-6.744697271611509,5.1798742685895,20.87973520371753,12.149902341446017,37.1985736716982
CROMPTON,12.101250489509818,-24.724439493624974,-27.68472433049013,0.5486980891532314,3.919259292745967,15.296941832485299,-56.74695315859231,17.96060105786831,10.987911737435084,-19.15837007005693,22.61604423888225,23.875095449542727
CUB,-25.480645449788362,-29.87072068130768,-45.06009702970105,43.81147671200196,2.0819832669466063,-19.454867894048334,12.684790824329529,27.20305580330189,5.981440804987969,25.8973580877192,28.35494667061992,10.187607639497154
CUMMINSIND,21.830056631681625,-6.799754655022383,-11.349447510067158,3.5000922560730183,5.961494278063506,18.64631152599545,-49.398508006952916,0.5310155952696474,-15.098540901228196,4.318883592964351,50.97124146389426,18.453614252652795
DABUR,1.6737456913492155,-11.745494217934539,-9.166273217725218,21.796689230047264,-1.6654925527378905,5.227149712074597,-36.60032509734799,11.426885407724818,-8.488170747728175,-8.06618713321907,18.181261611345846,8.02177535423243
DALBHARAT,804.7434649077001,17.256267398670676,-41.03844275643274,22.771299342975936,23.528127320240653,11.947015661818861,25.65084019279694,2.882687230679326,10.781470920932001,-9.193801312077198,52.21548032438673,-7.430220514204722
DEEPAKNTR,10.436639636305422,40.05279100454521,35.46916623124413,53.53500776232036,1.286079197610659,-19.092993910665136,-8.79616021417109,52.96000044434435,55.23373730710118,0.9225353532384744,16.019671239687813,36.165241014974015
DELTACORP,-8.015851096240269,-25.52531362013375,-64.49426059920248,-1.484214410410254,6.777253924025208,-36.21273591897902,-14.475953878259036,58.47672558435957,-16.5747773750605,78.47711105289807,28.420126520531397,39.781437103010056
DIVISLAB,-27.131018168211806,7.94653426425972,15.712355294301851,58.208315061535174,-30.60921252716946,6.3060511520809825,187.2580616795476,35.11887375551074,24.420025347409325,19.20490802093684,32.30624895871268,19.644874319559115
DIXON,-30.731985030579768,14.7492529902295,-8.601065343199021,52.93323985979823,17.31369878779938,14.855395391642924,13.288349532854028,67.41941831085717,-62.18352487033026,1.2564409753841304,65.00103836236983,66.01052974922125
DLF,19.564836387188567,-24.487562389972293,-19.89283469395483,5.83165957834738,30.9427154697568,-18.013533882306834,-48.948915049187335,14.54242024955914,-25.867598065120934,56.75032400783124,69.00102443423948,52.992480510447066
DRREDDY,-21.288103108576685,-16.496457018804243,22.34530332733439,48.17069746663157,-14.13971879809298,24.838564450039936,1865.7176928078886,-3.2301461208123383,49.925473933521246,-3.78396196316687,15.29378201984396,8.721128982907944
EICHERMOT,-33.41953831025588,-29.06897313504272,-18.559537038985464,34.54572024168256,38.5228894959597,-1.8865738661221658,149.32771799302083,23.28914623452646,17.83918160744082,3.4394800006932496,25.349539335248984,6.513324627465788
ESCORTS,9.718506280330496,17.73269812189209,-19.09651896296944,13.068978698309444,12.68405735241116,-6.594291630716322,-57.64565901612415,48.194907735481806,24.663470708909433,23.205729745525474,49.527605454075626,-9.354117856096577
EXIDEIND,-1.566740896489582,-38.33669491202678,-20.506821521668005,37.354811281600384,19.97214781123916,-13.168552888063843,-42.571237495926994,-5.649319661979235,15.797523024973383,-1.0697739822148171,32.525586517189055,22.253908096700137
FEDERALBNK,11.536183565282977,-4.946642305999073,-62.995087566766095,32.709704861887936,-10.774457463079766,14.958776949484133,-50.83763757041219,-13.326320649101078,-2.0037764813020895,42.72097939971743,16.715464125909918,21.89056615101711
GAIL,1.4889034641719552,6.730305208524068,-20.73811713998346,29.212291406341052,14.0188923069697,-19.79765635318954,635.0943556315154,-5.076487375360982,19.940733109916884,6.754221066782041,4.208939026608215,51.38102961685826
GLENMARK,-33.91462743350083,-25.582410890082073,-14.111571657868184,102.75670794868587,-15.847648139083681,37.65160867429761,-68.82259612051338,-22.445941485676215,-6.546845611631234,-10.753442355965824,21.518311303693118,29.62126464767415
GMRINFRA,-16.1254824978873,-16.623447283109424,-11.6587578746689,18.263161960395525,-4.601070080631496,7.561931961860113,-61.157956018714,36.56177670342156,7.754102406408791,49.06933450253097,27.283515189817432,67.93923482256702
GNFC,16.208378544636425,-3.48365180150636,19.454275049035992,85.04345191719828,-25.836848680439026,-31.87133961675471,55.85690794838144,-3.6401812595679113,23.54864798128298,88.60107112059556,-41.671379220715096,8.750981066668784
GODREJCP,-8.083593641903931,-42.39146104665623,7.741050031763697,-2.4969876525546164,61.86381908215694,15.584313166141506,230.31831090800384,10.76262725839472,-7.919030294600038,-19.570771582891012,16.099388021693894,26.901477402067073
GODREJPROP,30.483317622135573,-7.512080595370184,-46.58730064522175,43.45880430972066,-1.321970461081325,34.08741171912379,-27.750783749502954,-20.079064960439595,28.618290543953407,39.633023895912146,28.408177710584926,18.829024295638565
GRANULES,-3.6566495842691222,-3.2374308102125937,1.1654796337274522,23.271655407827183,-39.573022022861934,22.488022252432614,-18.600574638165927,3.6473900700250583,37.13129816494634,39.977898083556106,3.984536476849087,-2.8430986807376994
GRASIM,3.9830432749274776,0.7397162445120227,-1.2713589490961215,19.83427785616414,-2.312975222042712,2.2569620332458014,-45.449589200381546,12.290666259309791,25.394028850928173,2.598405909956668,19.65023819162678,-1.8052933070926263
GUJGASLTD,33.0882654529953,17.52126901751563,1.2398941948792221,13.231674082749677,32.11044675633419,-10.182012595034617,-56.58286590154336,16.56555639998275,-30.283571478020168,15.755596386183946,33.41837474359275,19.801726495628856
HAL,34.049126963839264,-8.420822392435566,-105.69776349903835,5.363136496169419,34.06502199587625,31.22423300336269,50.60188512396224,33.669799913639345,34.647794165505545,-11.810198869774423,58.077085426580275,5.311062335594051
HAVELLS,1.322252269925551,7.803310254711304,-27.288029941812166,39.82245459436757,-10.454512099633417,4.116391201773618,-7.717220599317357,49.96346971228456,4.088947253146866,-13.262384743152653,32.581017127489,17.3463597437979
HCLTECH,11.729408543398524,-9.153308411475491,-2.0714807378615654,24.825770608579546,-11.948843775873339,2.6846213187439405,-54.893939844592765,27.20780514888124,34.78414179543068,11.898272591087101,3.1628523673839615,32.86456974210178
HDFCAMC,-26.262283233076378,-7.085655439005401,-27.89568390916045,23.923441841745408,13.21101812046932,26.849548953806924,19.614847615676723,-38.92136790955139,-35.12502896387611,16.128643448038048,45.82247192627783,10.04136453015918
HDFCBANK,-7.2400902484980545,-1.8571731657481831,-16.545240629483857,13.933986857485992,12.603331745674073,14.127978081137261,-99.14390132284275,9.8000682331283,0.26278089473585764,7.476683105406856,43.58201570433232,12.005431897991947
HDFCLIFE,2.1526484921192255,-36.15274217818171,-3.844830487709764,45.8931640262232,22.549648940136237,9.408062951048791,28.499964804680932,6.860023424988082,-18.066955407898188,-0.008601421361720263,-58.348116015811904,-0.4544676487830963
HEROMOTOCO,4.8554424471870306,-42.25069293399797,-48.877222258604654,51.65694098184848,36.88757548277308,4.542165583768643,18.54972297878992,20.193921911843294,-7.298121586937757,-12.941582162668608,24.158489676721207,13.72755369052754
HINDALCO,-34.059067595927495,13.737635750289234,-53.99914682524035,48.895163665465624,-4.604483387129832,-14.110876317395904,-15.909604748653173,41.21481891471082,-1.691888066319593,-1.9230972531660488,39.56262057913528,66.73018869577257
HINDCOPPER,-9.475330718437325,24.635697642905726,-63.38075516075557,62.05042527743017,11.44940775254155,-30.402136631259232,-23.447234847899313,-3.6693291933374237,-34.94936290861145,35.928250908211325,74.49582187712214,113.15553572533535
HINDPETRO,-2.390391135324943,-36.22697093242538,21.462969800955292,14.575505548804445,8.155198893797031,-10.203968665664876,-18.65877756739338,-2.6667081775617825,-2.23693658015347,12.55966360794335,38.825050408751395,21.02319902970593
HINDUNILVR,-9.61875999321624,-13.005948694655178,19.53980081351111,14.728567525837843,15.848832688953806,8.14439769339913,8.169768083809402,25.929203098555664,-9.810673840460714,0.8034713970047513,12.957216074095301,17.458595593523274
IBULHSGFIN,-47.02030792218379,-52.53706803733629,-69.97926419561534,23.337371229010447,9.143915449366744,35.597663782633816,90.14572195264907,34.90109867191348,-125.58001754311265,-25.84627140572317,92.70313901972926,53.460346000197475
ICICIBANK,12.712022108010622,-11.631415405771385,-38.43339522261732,33.68062674939384,8.190565475736012,-4.6909864667831425,15.300404627513077,30.32572610546458,-27.237288434099206,59.327462530596186,28.132427567858265,25.451558071976788
ICICIGI,-27.89896160629656,0.4208537376310879,4.359152148491473,17.10409565901375,22.57114807762325,-5.328210520293643,28.575710506911022,10.902501226024642,4182.548697433598,10.238327466353036,35.34973784690186,15.083129112279458
ICICIPRULI,-1.3675672932694907,-21.867284247000395,-9.141027216627942,54.1852759618498,15.57688713510602,22.458994421424816,-54.6220659810649,-8.545028565798217,-20.8182095941421,-6.86615381535044,-4.3600195998605535,-4.944416070954838
IDEA,-81.35128788704664,-31.971241898205626,-55.15645692723483,19.439085063842143,40.953160730313236,49.73473562159723,-110.5772843292747,-19.939620425275635,81.53153707717277,-51.71910308713463,109.58351076015887,78.04398994290835
IDFC,-4.658704530418744,-18.45199257731752,-56.19956070380074,16.163756480992706,-14.004908615709754,11.685428613017592,-43.42025710853625,56.91251360109907,8.281586553870325,5.329703869211789,46.599668425173995,39.06107737547746
IDFCFIRSTB,20.578573565436333,-3.7529461390794268,-53.47858466912839,8.271367672356135,-8.112687730256342,-1.1169210347200549,-49.32957737426898,51.37449867424968,-23.435816871431204,14.787635278066158,29.358868877716944,24.318774626221295
IEX,14.412492030036805,2.4720513957279353,1.961717648032891,40.621151589560284,-10.12380772299456,-21.655975693761242,5.618490622255745,33.91896402046473,9.981009785168261,-83.98633301165579,37.62899407558699,26.585115655903316
IGL,4.565204059034068,-22.027081123706015,-2.9318198723762525,35.76372039513752,6.88178907509076,-15.02705133415423,-64.81587774843217,30.70557398906253,-7.686671478193986,14.402046730300011,36.82652887414511,9.508622639020214
INDHOTEL,34.0338761862629,-10.7401300747629,-34.645381173091614,33.84822079522555,24.632481586196054,0.18165825049928497,-92.7971400430961,42.28581207439446,49.60645084282513,-8.705182152809087,40.06799953980534,0.4902230701678265
INDIACEM,-8.665080971492154,14.79818882571963,27.798899533977995,3.0495246066172697,11.567175761198243,-18.4041378145107,-82.32334127201257,-10.24121197325556,27.731451554783394,-9.24203551719035,29.262615798791252,6.1427044532535025
INDIAMART,10.434688384341884,19.349356750316534,-31.235340941619196,40.52583098154563,1.1219979658102401,-27.163658557290805,-31.21076313655496,41.682839742816775,78.50717711470531,-15.658503400667867,20.401209082226003,9.992412324071633
INDIAVIX,149.52973110689837,72.16293481677181,68.89174637720102,-60.13771901008489,-23.466570940451497,-40.09627644889121,-153.30268712837486,72.0697880359367,56.880876865143684,28.310872876054475,-3.533381595233384,-36.37878798635738
INDIGO,1.438006614264753,-7.148402618091929,16.20892030146934,9.956175416605737,16.284342152482644,-15.010395381311948,-65.84736782583045,42.06745010998936,-9.467776090364488,9.531130503523064,28.141754928524886,44.57842804411049
INDUSINDBK,-30.288746091532758,12.071200238376766,-74.90821774838692,40.95935449739432,4.687172579159448,0.9169106717360602,1144.8054455573629,21.380805645385994,-3.2587045470158538,-10.713808693186433,53.98675206438234,12.898680919794991
INDUSTOWER,-0.4135075029577262,-2.6838015497255046,-36.13481073310084,-6.735744719276825,19.53162156891617,7.073132990566223,140.9105752930038,-10.992599143985759,36.58608804082775,-35.96301329829405,59.703940747724104,-10.886210677590281
INFY,27.71274162007438,-8.576116401121913,3.7266116936939904,-14.268908197549312,4.095551429848554,23.016503351683916,-10.923132891029418,2.177981893751567,1.162474703924243,-7.231676025139885,25.51501083924288,31.07131059211785
INTELLECT,19.639098223062167,-5.89429764699392,10.171729152290183,43.42488721725428,38.99760868229456,50.063289866281714,-49.34445077356982,33.61818839426743,-20.56940794703662,22.030258106281877,-3.900483008856124,39.70435090005553
IOC,22.761971729024943,-20.01865454769459,-17.394824816202327,3.263611454493463,33.28293620953938,-16.599014810223522,-52.24374363208205,2.2041434640136415,0.5565535074314125,5.096604760312326,17.31932775214159,14.774080819189795
IPCALAB,-14.199745257772722,21.72439215013583,34.36769919693647,21.56294524841761,-36.51254044416454,19.15196321329924,-38.5137278526101,4.555805222548006,17.907641011044106,18.471007768383963,38.374686806732555,8.056863347815579
IRCTC,41.42025855458623,47.44168684058787,-63.19826439192416,38.00231255024277,12.359340494162986,-15.080673008637913,23.648789716503916,33.59099531858332,37.460793267504286,-61.840850753050525,6.329922917744891,28.175063959291432
ITC,7.284046450246417,-14.07375580251683,16.480153381585474,26.15728933443001,13.909182350468042,-8.872855872367902,-86.24854486596483,-1.657482672227728,-3.7128717980910886,-10.221726171715893,9.161511418949274,8.235341859292832
JINDALSTEL,16.113859624451777,31.53571840122925,-29.059088198975978,70.27195936963177,-41.596459208035846,13.178979056759854,-10.44440840246779,-20.01114950018386,-2.7761075014613086,29.497409748313938,59.3590095007215,72.25000690419861
JKCEMENT,28.342714921875356,5.08919685510849,-20.194999414276683,34.61250634878061,11.995432963183017,-0.4232885165178075,563.490913447486,18.911201980582817,-13.20327342327009,27.60480278051478,46.08142865165543,10.918966234390325
JSWSTEEL,-30.091448065016547,4.970949018346747,-8.42995263892726,90.76049242341381,-35.35897335513076,13.547009001149123,-12.488477115006216,41.458808048587095,-4.1000102954040685,8.18535464571375,27.947672020628644,39.23068182474185
JUBLFOOD,7.667939626879339,-15.249181732806814,3.987448305734732,17.27982900109871,17.9086614671372,6.860915385417188,-46.98909284210624,62.15599195623521,11.05171378567278,-1.5618369532023615,40.08163781843777,7.2110708476005225
KOTAKBANK,-9.820721821115885,-4.082413912283545,-19.174145637961942,37.99336420561673,19.287614229124095,-13.823129593337068,-41.74226754304194,-2.5171381006083293,2.406271385392711,25.753646793894813,30.45555954818945,7.384313785115193
LALPATHLAB,0.8227064985661268,-31.031363610368725,-2.2580654836441547,27.89420785162675,-16.135135580943725,44.72975592351332,70.83218297539425,36.060184434910916,11.770830145688503,18.584145882897275,31.747529237761896,-10.86255211822399
LAURUSLABS,-12.577509037620118,-4.848693822145132,-2.6947085660774186,71.13410663326546,0.8697742760214617,20.80331120193867,-24.231170779305813,32.43616211293471,14.145692711584424,-43.13587628815428,2.9334915522520766,26.068696917238263
LICHSGFIN,9.740519999832054,-43.91548561963204,-10.227205025874753,22.650879858911686,5.999420001408141,3.7489919225219044,-63.63368855560034,-0.9349664242543341,-30.95502908783745,2.2659826212303793,32.12207309743316,21.737569664942036
LT,16.175404903255608,-18.513597864514974,-29.782748969275996,15.28072230370312,17.887633995148313,3.1374191714057975,412.5478291833705,12.284155590208846,10.460760095258406,23.442491086703566,25.949998816296795,38.14857911692734
LTIM,22.929433089478522,2.5176134370530328,-12.868619367841639,-6.177626537350852,31.053106328951472,8.207424623440694,27.82073933933936,21.30314587568307,17.89993858868799,42.63851719666336,30.081520827299514,49.521344913485265
LTTS,8.431070989475918,21.99327559088813,-28.795713300038138,20.654925086612643,-16.038916931639214,-5.460540106798728,-29.876836904493473,55.98035798295955,18.302512108024118,1.9334740274336428,47.982855437786284,56.24391745985044
LUPIN,3.1405815561337254,-59.966968147290636,-20.48059905563133,77.5153185243741,-5.845903097799853,26.002476625746773,681.9817060876138,7.54528565996856,14.487606907324324,-8.637984081725735,3.8381801161082243,16.370042091809854
M&M,6.946606574520087,-41.34891809107961,-45.89255870426143,56.40695299108164,50.996459176267074,27.831170689002008,-0.5632255151396883,21.429657997274077,-14.321787210095861,14.596735396897397,17.970837077314783,12.037721101633934
M&MFIN,-4.191625805148716,15.718637414894376,-67.71562958687927,32.39852061678512,-5.686934827714939,19.908945369920016,-64.60644603276735,28.62443419409513,-18.420574041128788,5.569132582502403,50.702205435156735,14.4144585408994
MANAPPURAM,-13.041999542584426,-22.847676337901213,-29.974058635527975,50.32402925001715,-26.53421019521236,26.361942794288804,-33.41928601326,-16.867485249758264,-14.51500571904684,55.59430806898135,24.680790727741673,39.25433003120463
MARICO,-19.935961066385623,-13.1246982100507,0.8246132995815798,19.693758621829517,46.650350361305925,3.1826367973629255,67.8754520666631,7.423502356796729,-11.908584984526637,-11.99586235125043,3.3955983977188238,11.68041101060341
MARUTI,-6.981038597333102,-23.658621244419585,-47.95120132191983,23.580033360056596,27.913607743570555,20.949707432882658,1619.8704498671837,18.84047375457221,2.460910452136387,17.192368149429285,8.35643893083805,17.47883706446526
MCDOWELL-N,-37.339962219781995,6.024853960742438,-28.526013974177644,20.309616306540423,26.19557772247315,11.34659132949325,-62.83054884887281,25.078270452527907,-3.588575873957601,51.727026818745934,27.70753568320432,12.47754373301495
MCX,-25.74982096596965,-34.21077447866957,15.408159318656502,12.412327507782614,34.49686296660668,-17.830123782938955,297.10694704400737,-10.91189730824397,15.576741523099958,64.19424651022375,24.07132068689726,1.8156805107472747
METROPOLIS,-20.503208844511256,-16.293480591723906,-20.89231424286082,5.250598493221614,-14.148083534467094,7.750872179279567,28.773374863167533,20.451209296390747,18.221139234651393,40.635000075791325,27.288860197036534,-13.4372258827838
MFSL,-5.1501906996068385,1.539210633088881,-46.56230872737576,40.10047787007761,26.70716902730571,16.320046815913024,162.4457868805078,5.974715581979018,-19.239149571758762,-27.870512693648475,52.37145473875263,12.836368607973291
MGL,9.11188007785918,-12.613145130509784,10.304438504569113,-0.0674394696941869,-3.9423170105813314,1.2308862923010708,37.42098182299142,6.978766687392568,-13.416564516158324,20.50822444861581,20.272051421292538,10.202519319130122
MIDCPNIFTY,-3.3732277292654267,-2.239236626395691,0.44105544835028043,5.953782026552867,7.730413133672254,5.344137451097108,869.0531517050691,8.409086723645965,-0.005119628837180201,-1.0382365514088776,10.11257511622733,-2.825778794501821
MOTHERSON,-50.31071554988853,11.149988058193749,-87.5909872094352,69.67607808548813,-11.209441235938835,-1.0046518472702228,-37.7194350894441,-14.44114175787099,-1.589231510114963,-1.340822497841156,43.635335257075205,55.344492058262524
MPHASIS,16.047829293405325,6.405896567073466,-30.85903978216138,16.544071328622152,34.18081946253319,-2.1488113314218618,210.7088994690932,20.26089348777791,21.314893620228716,-16.017343165499774,-4.190337439765225,55.353717329141304
MRF,6.90526394160128,-17.32490038195464,-13.793752013978665,20.403723899457983,17.943920436355988,5.4117523343954375,6155.518725291079,-1.3873407500504475,-9.444086277691756,29.54431833874981,25.798366516892166,13.99794412658223
MUTHOOTFIN,-27.53293668011414,21.53298533630834,-21.21913240583534,40.05202976392482,7.71438758490396,31.605226726534053,-47.72625156717492,-16.619083838760695,4.624366297657024,27.326220585672736,5.185657470836312,41.23446515299264
NATIONALUM,-1.78610987502169,-17.989318476073823,-10.800390403456095,34.25139220794693,-13.376435958524745,-27.354824654913013,-49.08214708163837,28.43019953054464,-12.674364059161327,27.013321217290084,8.827010758221398,70.16951628128326
NAUKRI,9.991110812770863,-9.146617790331158,-29.545629727134695,53.30293057265902,1.1499169838587218,21.57214757193435,438.7327407054326,22.020026271219294,7.299103627576833,27.586334213380802,47.2173345699574,16.484635788517185
NAVINFLUOR,-29.35909211873806,38.696086627286,21.018073759209166,51.5710239000384,-9.819947650094218,-2.8689228090277847,-64.96942431853324,41.85752304074896,-2.2877177065658714,8.403828641338063,35.964515837504386,38.01044022088892
NESTLEIND,-17.06101455709862,-14.262778138171917,25.324451630831025,34.97128222351057,12.755333105116506,6.460771318346314,-41.14817340620457,32.257722153156834,796.7279960660784,31.372842316932992,9.234672639659081,25.60213287655403
NIFTY 50,-0.9870294814229408,-9.881358329675795,-14.924699021550868,23.549885905469417,5.143189023410177,5.914140105554299,704.182159736081,12.387554692998481,-3.369838396734326,10.839448643067385,21.404666763376067,18.23020695407266
NIFTY BANK,1.8124072652127343,-6.9034140167857805,-32.237664507256056,20.620580676213905,9.412521014279752,2.493435357080087,302.32426044093495,9.636052802568306,-12.961502365724488,26.69048514246237,34.84587773279772,16.363146904574897
NIFTY FINANCIAL SERVICES,-1.5333879551277962,-9.124729130578624,-26.115129922640627,21.384904709823747,9.482286262783525,6.824770175194061,260.6128046689906,13.013153736199978,-14.712110173360648,23.08977895165262,35.713937532467014,16.33469467551909
NIFTY MIDCAP SELECT,-1.8909255041267614,-2.239236626395691,0.44105544835028043,5.953782026552867,7.730413133672254,5.344137451097108,204.4189251079301,8.409086723645965,-0.005119628837180201,-1.0382365514088776,10.11257511622733,4.299581507032846
NIFTY50,-1.8277210409687772,-9.881358329675795,-14.924699021550868,23.549885905469417,5.143189023410177,5.914140105554299,8549.088532826083,12.387554692998481,-3.369838396734326,10.839448643067385,21.404666763376067,10.506171872725433
NIFTYBANK,2.924588684901641,-6.9034140167857805,-32.237664507256056,20.620580676213905,9.412521014279752,2.493435357080087,7588.732526472579,9.636052802568306,-12.961502365724488,26.69048514246237,34.84587773279772,8.033933157201156
NIFTYPHARMA,-15.901468320055967,-19.012458440670155,4.335989991811705,49.11046259604726,-16.169739493075916,15.16774169955254,2085.601204469171,6.624986856103221,5.500609624763076,-2.623773958218123,7.399220591579914,6.761600039097903
NMDC,-7.737509122092858,-15.37032724783164,9.83227278999923,14.037924482023001,-10.323069201712993,-10.11184412083257,-76.09909892384424,-0.3867811764597482,4.748999946047672,13.731204783875917,21.63633322680577,71.8637245654756
NTPC,-8.044030358592101,5.056830151156688,0.6917800953906039,24.29489514587482,7.814289491241656,5.234081334142826,-77.12445424043669,27.302929588452663,11.989908480940992,10.070021455230094,-6.364463386068975,25.61536366184344
OBEROIRLTY,15.301780561578749,11.566470019925111,-23.959335125184747,14.839937092595946,-5.569478323387833,17.980801317621776,-50.57709393442217,24.906748024578615,20.95152788714608,25.838672567031384,30.93576167881342,23.95948509264748
OFSS,12.200119360629136,-27.714969447064927,-15.813373440118315,49.69238243498175,-10.921875462655496,19.99741729353025,43.60361883087355,11.262689088417355,-4.011569162894434,-19.249148658460157,-3.6179397556283743,14.60161675451589
ONGC,7.033036847576456,3.9099334270455657,-28.343751568422064,34.558953178671324,3.1138357788292783,-6.112509596625804,-109.79135621225127,-1.6450042615178013,22.155838335165644,6.059499122518353,3.9047691177271258,41.24787769187709
PAGEIND,-24.308520079817008,-12.564133336362982,-1.2172102688819182,19.753343266390544,-8.226757374936135,5.517978060814821,242.58522796851767,35.97861437620947,35.70524659048831,14.326323431004429,-0.35932723421858803,31.582092800976678
PEL,-30.266248808690722,7.088770431631994,-23.7075275541996,-0.6060708623047519,-11.445870833142946,69.83338876847796,90.1535356856902,-1.3574984828845458,-85.49164361769363,-0.5023977160645727,7.725017139753422,12.954664356095925
PERSISTENT,25.180612102554733,16.461335016240753,-10.465418909020906,3.6412892674810955,20.48475424145736,31.570655322813124,-28.42119355326493,22.901759365899522,52.93870656481161,-11.831465903027759,42.135595375017374,60.82028958368806
PETRONET,1.6457070772665898,1.2540863399608808,-34.943301355603026,30.332449929289208,14.108473015984355,-9.409597963094372,-99.9289901127489,25.945355113957312,-10.403636924591886,9.432672107472307,-6.858072565018869,16.847963684015987
PFC,-2.907017649092659,-0.046415108798115945,-26.099791408167484,14.706553613031947,-10.225723318668479,37.20628267995553,-24.92362447440925,11.831513637052963,-3.932409990280285,50.60006583189305,40.49937399803496,54.728681438923026
PIDILITIND,-6.141873240754392,5.382589329141086,12.08490902738578,30.88152439176296,24.39300911109006,-24.95568127159007,239.359662263272,30.389325186832693,-7.9266772975265205,-6.832891560613051,23.12320356408866,33.661650663448995
PIIND,-41.872941366383586,14.29775944511088,8.804869575945519,54.033090305908296,16.172705030631207,0.6807603829507074,-20.1506839950478,27.705629539836245,-10.992966371455847,42.34812236063315,44.922269116565204,-2.3780128774217206
PNB,5.640184281259208,-88.42213266402055,-21.56993580178114,-1.3038629118055667,-24.349777190573686,11.619167705192826,3.4146906302993227,4.273171520347031,-33.70661635396568,88.70377449526171,21.940481684390512,41.81296480392733
POLYCAB,6.079856097512447,17.538355491059832,-32.99248049542219,668.316931913997,9.084182021583576,28.31150918433444,25.51140924827665,42.22698266352559,26.25085854775664,32.13819802499731,13.28301147622094,27.37916327259875
POWERGRID,-2.4065965838487635,11.054537341372649,1.1629540915056191,18.273048662229428,1.9058035013298174,12.145875724145704,-75.14892159465072,5.9334516336856264,-9.994091406748254,10.190302291257359,16.8668046439841,11.513852227447806
PVRINOX,26.665577862239786,-28.35497387119502,-34.93344976657739,-4.51123366119939,-2.8382100158793846,12.429007771866099,178.06025832441026,37.43924857777164,5.0410846280918715,9.483385510297737,15.989991426286466,11.327101462585189
RAMCOCEM,-26.373439248200867,26.58490775171962,-24.07895935298544,27.93406431818466,14.671819111066908,-5.885343844189641,68.12446333634911,-8.233338973759208,10.836070084115466,20.237910395134517,-7.269936857276993,17.780437876267683
RBLBANK,-8.745159766030222,-7.317906954319964,-74.22906362401916,7.114330860095938,1.3514889243417776,28.870223644681335,187.36853543759662,29.20704269784169,-22.402021348862732,8.196865356414886,74.49488492986886,1.0475550845041965
RECLTD,15.346951411051823,-30.014651951782454,-27.25678565159347,21.85303153078948,-0.6259843786300965,45.69129907812125,-76.73821828679382,36.71570628508217,-39.49021475113073,53.20506999744177,6.979614279349368,59.91880166332027
RELIANCE,-0.9346332351984237,3.9988490643532604,-1.1886386495538974,51.01544026580416,-2.8405924180186943,16.662425145009554,-31.072924770465765,22.256131329928554,12.216479250535127,11.75183263388504,14.650233116679868,-3.245199702016188
SAIL,-40.42004706554724,-7.769948493027656,-31.965049224648226,89.64646808902863,-29.82872737258634,11.018903139239569,-69.29131168914432,-29.015747313549276,-39.55409569132635,41.52048041262408,32.29719850899709,111.20558459802204
SBICARD,1.5699633299563365,2.6514797129623457,64.81211147654142,7.076423564045518,10.379755410020564,-1.0126940848656938,42.97082445473729,15.288720135828282,-8.46626382887199,-16.137516640217086,-12.087958602041926,4.405463833639001
SBILIFE,-2.437115067144535,-31.027776051388336,-22.038820577704342,39.24551288026935,27.335136757517574,8.37745392425453,52.41437565834355,6.092881425633834,-31.567355994165403,-81.48208293727487,15.575192429956264,17.342705237734457
SBIN,5.984676641686294,-9.610454840517356,-33.051622096708556,1.8460905683788669,21.8044467047274,8.143758865230799,-44.35672326768434,-23.246806164510783,-23.51746658435769,60.40997807701905,38.31842987777726,26.521804348425647
SHREECEM,-21.51077291925716,27.92778744852621,-0.7278984113920011,17.710311646058464,4.513001229042381,-17.377406414353036,1522.8266916475632,-2.0797501021829645,2.384800901502926,1.27100274978612,27.685231059777472,15.97248060805082
SHRIRAMFIN,-9.392082117219955,14.882191248152843,-13.70488382280029,34.57941989229777,-24.211379364267536,26.172870139112103,-73.56188246093193,-6.581018315844567,-23.55643728771969,45.58216150410833,74.54819537878325,11.856648197266173
SIEMENS,11.656869440342088,0.9854085583121184,-5.808599801424462,14.012712781675441,21.385338495591977,-2.3072026649335498,61.24221559352064,18.66572107393053,-0.2993035394820871,17.415852913510097,5.201582171533904,42.12817313297863
SRF,-14.149556524029505,26.905891875368916,1.2134480543291373,74.23415747943059,-14.987226770506012,-7.396825709024636,-80.01586738373882,58.30351562562963,-7.617149217890673,29.045707792836108,42.22253286331576,38.02447202728408
SUNPHARMA,10.080991939063864,-20.940796575033847,7.467344443732304,42.376288453687316,-21.464145963408274,18.682696349238014,-2.412938398295863,2.9115569469445823,-2.412269935884581,5.287696843936984,5.6165273828966535,14.208244916823066
SUNTV,-7.849166875299419,-18.729041709476604,-36.48521698192465,45.02140272735595,-3.6169058057179844,-27.3037843566569,-41.334990590273286,-0.6049012441562729,10.055188206421608,37.19515957972751,-15.50882786508464,18.04056587983922
SYNGENE,-7.465911696449912,-6.933534647192119,-9.936840660319103,59.84542468224953,20.65741430289213,17.72155553980158,-43.80652972040133,0.5588764707572631,23.147705406790653,-16.104866105031135,23.43795721410469,8.988675837737746
TATACHEM,15.731868374237358,10.38156369847698,-65.0631579451813,33.046802466355786,10.382615554250362,-16.7236496840954,-12.445313881061772,40.662062352336775,5.031490275654036,20.68967666484943,18.644943152012594,29.94230559654291
TATACOMM,-34.43354786567067,5.897005476692096,-31.12374337552193,53.401440219675756,-2.875739648165043,48.25451479474325,-49.699960272386186,9.611009397125116,-3.0641816167435767,-10.206795610573327,56.84285640909593,4.684003186733212
TATACONSUM,-3.9063100887402844,-12.409013546728854,1.268425364617729,54.37296765489117,8.687572913130005,30.05843601101146,-70.90939573986941,55.75733204409514,-3.464686775483019,16.05820391623859,42.79104799290589,24.682603064164365
TATAMOTORS,59.60717639143941,-32.13948212987457,-78.87037550945293,71.02522108318367,-25.773387161732007,17.555038731416417,-24.209341457451362,0.030463924115828878,-6.913625212489838,74.65946567709481,25.661676568991943,28.93735780176103
TATAPOWER,12.741087324951703,-24.10727201414138,-16.585567045308046,7.517521273614635,20.25547285863789,17.46284912961982,-76.86983727202364,28.83601673852283,5.177512168278573,50.175195850389294,42.32927306470754,33.62282367548261
TATASTEEL,-7.297821896478437,4.928577142031798,-18.816347991561123,47.21536710419842,-23.81387088467336,4.29224194308865,-41.183129964388876,11.842892905786222,-21.898528181258026,18.99078974851913,35.15862363286517,44.79464772645465
TCS,31.49281510560077,-19.237463279446498,-1.7901597276929992,37.06893000735254,-3.4146879355181463,16.049852253178077,9.768426791431562,21.8208021064222,4.353431605435432,2.6561931159728713,8.055698545148083,21.50821004559267
TECHM,9.703219804437158,6.975054121434079,-11.790178183122356,-17.483227404758342,6.637843895647022,-21.755526275699644,-65.05374276729759,70.44862605303362,6.052727337127262,17.060361122086164,21.518887052391143,31.23955660031553
TITAN,-13.480192626514976,11.159821192744714,12.730937152315711,10.943068775890396,-1.4930445856234393,12.870728765635109,-82.23412903113629,45.466514852024716,23.137244143168434,35.511258877358856,42.2528481093452,33.57457314580654
TORNTPHARM,-17.463205594279952,3.8411689823475315,3.2826494399047492,32.765727075201056,4.6771995295158835,12.94183772668126,70.2267717411172,6.73274514696941,1.874248064996098,3.565979299006527,34.41277325749604,24.21340492991957
TRENT,-12.04877433747853,57.300692894562665,-1.8202557850218133,6.5035081531292445,12.103600826098138,43.675788954562876,-52.214723226274195,81.4259863689483,8.571813051476308,16.96507567824317,50.12989965724141,8.88994133991714
TVSMOTOR,-11.542044816638555,-5.158846482915003,-38.29458961978186,42.943830246904575,12.383216537457288,13.809593823344269,234.04123751331542,23.82683068321666,52.92402360596563,51.878213444721055,25.61441609739894,7.373362402127925
UBL,18.848540678564152,-43.48479383401881,-28.73355045097876,37.457243163952846,-6.20358096309721,19.91717688293266,35.37565450397127,29.592607695266704,9.711045566702282,10.295555666799427,13.156617407094128,40.17865907318448
ULTRACEMCO,-9.42589235794349,6.502945275602945,-7.19496183172974,22.01003327614207,5.655293752507474,-2.329893361818158,1906.839395682632,-1.4124096215080595,-12.742305239624164,18.627143884156183,27.24101045297125,24.611926307956466
UPL,18.473462461620137,-13.98289543064495,0.45830303110187964,32.84323815677891,15.442560212765134,-32.84220184400799,-65.33435479107243,-1.5188611459630903,-18.291332593347065,-3.636966487160219,-3.3933786744744787,23.22624956337622
VEDL,1.6749332240909225,-12.245951704358113,-36.5159679215882,46.49105244917225,-30.621943901784423,-19.85348831146879,-72.57178854949488,9.879759097533556,15.139320952546186,-29.094873757102107,30.961385554318024,65.31695908800167
VOLTAS,11.976176635810866,34.03232642485777,-31.751600820126313,2.3958399608646213,-35.12473985794636,10.044301349647021,-60.613372197303356,36.151744987775594,6.727104472809808,14.144119029632371,19.841249928985473,16.99262288736467
WIPRO,-6.554078709739075,-17.357740594809012,-18.622741224002873,20.76368276900916,10.995131767409605,-15.307016172884559,-0.48257196732995045,10.688380395739827,5.899363246332756,20.468082692433477,2.767447108512644,44.59716996856864
ZEEL,-43.74274921510046,-35.89544996200455,-20.504113443568365,0.1221831423646833,8.015675617486703,-34.66806420768047,308.35407800333405,34.2672240216709,28.010268549516752,-1.9823443440169388,36.00180765196758,19.221224992449883
ZYDUSLIFE,-23.62389514138057,-13.640688489074915,11.556123282327068,59.31176819531271,-21.685590558789002,20.001724967621005,-23.879102887458625,-3.200187335890334,2.0630002417284405,9.513951605183959,-7.362061034008317,18.701908171010295
