stock,buy_date,sell_date,buy_price,sell_price,hold_days,profit_loss_pct
BHEL,2022-04-01,2022-05-09,53.75,49.4,38,-8.093023255813957
BHEL,2022-08-18,2022-08-22,56.3,52.35,4,-7.015985790408519
BHEL,2022-08-25,2022-11-23,57.35,74.9,90,30.601569311246735
BHEL,2023-06-05,2023-08-30,85.65,117.85,86,37.594862813776984
BHEL,2023-08-22,2023-11-17,110.8,141.95,87,28.11371841155234
BHEL,2023-08-29,2023-11-24,114.95,151.8,87,32.05741626794259
BHEL,2023-09-08,2023-09-12,144.95,125.7,4,-13.280441531562598
BHEL,2023-11-13,2024-01-12,136.2,196.3,60,44.12628487518357
BHEL,2023-11-16,2024-01-12,138.4,196.3,57,41.835260115606935
BHEL,2023-12-28,2024-01-12,192.0,196.3,15,2.2395833333333393
HAL,2022-04-01,2022-06-17,760.65,966.5,77,27.06238085847631
HAL,2023-07-11,2023-08-02,1961.5,1871.0,22,-4.613815957175631
HAL,2023-07-28,2023-08-02,1963.5,1871.0,5,-4.710975299210593
HAL,2023-11-07,2024-01-12,2019.0,3002.0,66,48.687469044081226
HAL,2023-11-10,2024-01-12,2056.0,3002.0,63,46.01167315175097
HAL,2023-11-16,2024-01-12,2118.0,3002.0,57,41.73748819641171
HAL,2023-11-24,2024-01-12,2249.7,3002.0,49,33.440014224118784
RECLTD,2023-05-30,2023-08-21,140.45,238.85,83,70.06051975792099
RECLTD,2023-07-27,2023-10-19,188.85,294.75,84,56.07625099285147
HINDCOPPER,2022-01-04,2022-01-24,133.0,120.3,20,-9.54887218045113
HINDCOPPER,2023-05-02,2023-06-22,104.1,115.2,51,10.662824207492804
HINDCOPPER,2023-07-25,2023-09-15,124.3,161.4,52,29.84714400643605
HINDCOPPER,2023-11-12,2024-01-05,150.0,284.5,54,89.66666666666666
NATIONALUM,2022-02-02,2022-02-21,115.8,111.25,19,-3.929188255613124
NATIONALUM,2022-02-09,2022-02-14,125.0,119.0,5,-4.8
NATIONALUM,2022-12-01,2022-12-09,77.85,77.0,8,-1.091843288375073
NATIONALUM,2022-12-30,2023-01-25,80.55,82.85,26,2.8553693358162597
NATIONALUM,2023-12-04,2023-12-29,96.95,132.3,25,36.46209386281589
NATIONALUM,2023-12-06,2024-01-02,99.45,139.4,27,40.17094017094017
NATIONALUM,2023-12-14,2024-01-10,104.9,130.45,27,24.356530028598648
IOC,2023-07-03,2023-08-30,95.75,90.8,58,-5.169712793733685
IOC,2023-11-01,2024-01-12,92.65,135.35,72,46.08742579600646
IOC,2023-11-06,2024-01-12,99.0,135.35,67,36.71717171717171
MCX,2023-09-25,2023-12-07,1903.3,3321.0,73,74.48641832606526
NMDC,2022-03-28,2022-05-06,161.5,152.6,39,-5.510835913312697
NMDC,2022-04-06,2022-04-25,172.15,159.45,19,-7.377287249491732
NMDC,2022-10-06,2022-10-13,132.8,128.85,7,-2.9743975903614586
NMDC,2023-08-14,2023-11-07,118.85,163.3,85,37.400084139671876
NMDC,2023-08-22,2023-11-13,121.0,175.3,83,44.87603305785125
TRENT,2022-03-17,2022-05-06,1265.4,1147.8,50,-9.293504030346146
TRENT,2022-07-06,2022-09-22,1170.0,1492.0,78,27.521367521367523
TRENT,2022-07-08,2022-09-26,1203.95,1419.4,80,17.89526143112256
TRENT,2023-02-09,2023-05-03,1342.0,1391.0,83,3.651266766020864
TRENT,2023-04-20,2023-07-06,1394.0,1750.0,77,25.538020086083215
ITC,2023-01-24,2023-04-26,338.9,412.1,92,21.599291826497506
ITC,2023-01-27,2023-04-28,345.3,425.45,91,23.211699971039668
ITC,2023-01-31,2023-05-03,352.6,426.85,92,21.05785592739648
ITC,2023-07-03,2023-08-11,465.35,448.0,39,-3.728376490813371
ITC,2023-07-05,2023-07-25,475.05,461.4,20,-2.8733817492895555
ITC,2023-12-01,2024-01-12,449.15,467.4,42,4.063230546588
DLF,2022-09-12,2022-09-16,408.0,387.0,4,-5.147058823529411
DLF,2023-04-06,2023-07-05,382.9,503.0,90,31.36589187777488
DLF,2023-10-06,2023-10-26,548.3,522.8,20,-4.650738646726245
DLF,2023-11-01,2024-01-12,574.7,800.35,72,39.26396380720375
BAJAJ-AUTO,2022-04-26,2022-05-02,3904.95,3622.0,6,-7.245931445985219
BAJAJ-AUTO,2022-08-16,2022-08-29,4089.05,4035.0,13,-1.3218229173035345
BAJAJ-AUTO,2022-11-01,2022-11-18,3736.0,3627.85,17,-2.894807280513921
BAJAJ-AUTO,2022-11-03,2022-11-09,3778.0,3722.0,6,-1.4822657490735838
BAJAJ-AUTO,2023-04-11,2023-07-06,4171.0,4911.0,86,17.74154878925917
BAJAJ-AUTO,2023-07-05,2023-08-08,4899.3,4649.9,34,-5.090523135958209
BAJAJ-AUTO,2023-11-17,2024-01-12,5620.25,7324.0,56,30.31448778968907
BAJAJ-AUTO,2023-11-21,2024-01-12,5679.3,7324.0,52,28.95955487472047
BANKBARODA,2022-03-28,2022-05-05,111.7,105.6,38,-5.4610564010743134
BANKBARODA,2022-07-07,2022-09-12,105.2,138.9,67,32.03422053231939
BANKBARODA,2022-07-11,2022-07-15,109.3,103.75,4,-5.07776761207685
BANKBARODA,2022-07-19,2022-09-22,112.5,138.55,65,23.155555555555566
BANKBARODA,2023-04-17,2023-06-19,176.25,194.15,63,10.15602836879433
BANKBARODA,2023-06-19,2023-08-16,194.15,186.7,58,-3.837239248004129
BANKBARODA,2023-07-03,2023-08-14,199.3,188.4,42,-5.469141996989466
BANKBARODA,2023-12-04,2024-01-12,209.0,229.95,39,10.023923444976072
OBEROIRLTY,2022-01-03,2022-02-24,892.0,854.0,52,-4.260089686098654
OBEROIRLTY,2022-01-05,2022-02-14,933.0,862.0,40,-7.609860664523044
OBEROIRLTY,2022-01-10,2022-01-24,941.2,888.0,14,-5.652358691032728
OBEROIRLTY,2022-01-12,2022-01-24,970.8,888.0,12,-8.529048207663777
OBEROIRLTY,2022-07-18,2022-09-22,856.0,1004.5,66,17.348130841121495
OBEROIRLTY,2022-11-30,2022-12-09,924.9,901.2,9,-2.5624391826143293
OBEROIRLTY,2023-03-03,2023-03-13,891.0,862.5,10,-3.1986531986531985
OBEROIRLTY,2023-03-08,2023-03-13,905.5,862.5,5,-4.748757592490336
OBEROIRLTY,2023-04-06,2023-06-13,896.0,985.15,68,9.949776785714283
OBEROIRLTY,2023-07-06,2023-07-10,1041.0,1014.7,4,-2.5264169068203604
OBEROIRLTY,2023-11-01,2024-01-05,1162.05,1517.7,65,30.605395637020795
OBEROIRLTY,2023-11-09,2024-01-12,1255.05,1541.15,64,22.795904545635644
OBEROIRLTY,2023-11-20,2024-01-12,1353.0,1541.15,53,13.906134515890619
HINDALCO,2021-12-31,2022-03-28,474.75,629.15,87,32.52238020010532
HINDALCO,2022-01-13,2022-01-18,506.5,495.15,5,-2.2408687068114554
HINDALCO,2022-11-01,2023-01-23,414.5,493.55,83,19.071170084439085
HINDALCO,2022-11-14,2022-11-21,454.55,430.1,7,-5.378946210537892
HINDALCO,2022-12-05,2022-12-07,482.0,464.75,2,-3.5788381742738586
HINDALCO,2023-09-01,2023-10-23,472.7,457.25,52,-3.2684577956420537
HINDALCO,2023-09-14,2023-09-18,499.15,485.7,4,-2.6945807873384733
HINDALCO,2023-11-15,2024-01-12,505.65,582.0,58,15.099377039454174
AUROPHARMA,2022-07-13,2022-07-26,559.95,526.0,13,-6.063041342977058
AUROPHARMA,2023-02-10,2023-05-04,468.45,612.5,83,30.750346888675423
AUROPHARMA,2023-09-05,2023-11-22,858.65,1054.45,78,22.80323764048216
AUROPHARMA,2023-12-21,2024-01-12,1091.0,1095.0,22,0.36663611365719523
SYNGENE,2023-03-31,2023-06-15,592.2,749.0,76,26.47754137115838
SYNGENE,2023-05-26,2023-08-07,720.0,836.2,73,16.138888888888893
SYNGENE,2023-06-28,2023-09-08,756.85,837.0,72,10.589945167470434
SYNGENE,2023-07-27,2023-08-25,810.0,765.0,29,-5.555555555555555
PERSISTENT,2021-12-13,2022-01-18,4438.8,4338.9,36,-2.2506082725060947
PERSISTENT,2021-12-17,2021-12-20,4660.0,4437.0,3,-4.785407725321889
PERSISTENT,2023-08-16,2023-08-18,4972.45,4865.0,2,-2.1609065953403217
PERSISTENT,2023-08-21,2023-11-16,5009.85,6380.0,87,27.34912222920845
PERSISTENT,2023-08-24,2023-11-21,5112.85,6440.0,89,25.95714718796756
PERSISTENT,2023-12-22,2024-01-12,7430.0,7648.95,21,2.9468371467025545
LT,2022-10-27,2023-01-20,1965.0,2248.4,85,14.422391857506367
LT,2022-11-25,2022-11-29,2063.0,2052.5,4,-0.5089675230247213
LT,2022-12-01,2022-12-23,2103.0,2063.0,22,-1.9020446980504042
LT,2022-12-07,2022-12-23,2125.0,2063.0,16,-2.9176470588235293
LT,2023-04-05,2023-07-04,2259.0,2462.75,90,9.019477644975654
LT,2023-04-28,2023-05-11,2360.0,2244.0,13,-4.915254237288136
LT,2023-08-23,2023-08-25,2718.1,2632.0,2,-3.1676538758691706
LT,2023-09-07,2023-12-06,2846.1,3387.0,90,19.004954147781177
LT,2023-11-30,2024-01-12,3119.8,3568.0,43,14.366305532405917
VOLTAS,2023-05-29,2023-06-06,826.4,802.9,8,-2.8436592449177156
VOLTAS,2023-08-01,2023-09-06,797.0,896.5,36,12.484316185696361
VOLTAS,2023-08-04,2023-09-11,818.5,907.0,38,10.812461820403177
VOLTAS,2023-12-07,2024-01-12,867.0,1055.9,36,21.787773933102663
INDUSINDBK,2022-04-01,2022-05-06,967.4,919.5,35,-4.9514161670456875
INDUSINDBK,2022-07-20,2022-09-20,878.0,1259.8,62,43.48519362186787
INDUSINDBK,2023-06-28,2023-08-28,1339.5,1409.5,61,5.225830533781261
INDUSINDBK,2023-07-05,2023-07-07,1399.9,1357.7,2,-3.0145010357882738
GLENMARK,2022-11-01,2023-01-03,413.45,434.7,63,5.139678316604184
GLENMARK,2023-07-07,2023-07-10,689.8,663.5,3,-3.812699333140034
GLENMARK,2023-07-14,2023-09-15,702.0,858.4,63,22.279202279202277
GLENMARK,2023-07-18,2023-09-20,726.9,859.8,64,18.283120099050763
GLENMARK,2024-01-02,2024-01-12,891.0,868.6,10,-2.514029180695845
ALKEM,2023-11-02,2024-01-04,3806.0,5288.0,63,38.938518129269575
TATACOMM,2022-12-13,2022-12-21,1367.6,1275.0,8,-6.770985668324066
TATACOMM,2023-01-10,2023-01-24,1359.4,1319.0,14,-2.971899367367963
TATACOMM,2023-05-31,2023-08-24,1297.45,1825.0,85,40.660526417202966
TATACOMM,2023-06-13,2023-09-06,1594.0,1876.0,85,17.691342534504393
TATACOMM,2023-08-22,2023-10-23,1786.1,1607.0,62,-10.02743407423996
COFORGE,2021-12-24,2022-01-18,5638.5,5420.0,25,-3.8751440986077856
COFORGE,2023-01-20,2023-02-13,4096.05,4011.25,24,-2.0702872279391165
COFORGE,2023-05-16,2023-08-09,4209.0,5090.0,85,20.93133760988358
COFORGE,2023-05-19,2023-08-14,4278.0,5275.0,87,23.305282842449742
COLPAL,2022-04-22,2022-06-01,1601.0,1623.0,40,1.3741411617738912
COLPAL,2022-04-27,2022-05-05,1632.0,1569.45,8,-3.8327205882352917
COLPAL,2023-04-05,2023-05-17,1540.0,1665.0,42,8.116883116883116
COLPAL,2023-06-27,2023-08-04,1693.5,1990.0,38,17.508119279598464
COLPAL,2023-09-26,2023-09-28,2081.4,1988.0,2,-4.487364274046319
COLPAL,2023-11-17,2023-12-28,2166.7,2533.4,41,16.92435500992294
ASTRAL,2022-04-20,2022-05-02,1620.75,1552.43,12,-4.2153324078358745
ASTRAL,2022-07-13,2022-09-09,1334.25,1935.0,58,45.02529510961214
ASTRAL,2023-01-31,2023-02-10,1544.1,1452.0,10,-5.96463959588109
JKCEMENT,2022-11-01,2022-12-02,2806.0,3234.95,31,15.286885245901633
JKCEMENT,2022-11-14,2022-12-14,2935.0,3158.0,30,7.597955706984667
JKCEMENT,2023-11-06,2023-12-07,3403.35,3793.0,31,11.449013472020217
NAUKRI,2023-05-26,2023-08-04,4168.0,4884.0,70,17.178502879078692
NAUKRI,2023-08-04,2023-08-11,4884.0,4450.0,7,-8.886158886158887
NAUKRI,2023-11-03,2024-01-12,4246.1,5305.85,70,24.958196933656765
NAUKRI,2024-01-05,2024-01-12,5265.0,5305.85,7,0.7758784425451162
CIPLA,2023-05-29,2023-08-08,954.55,1268.0,71,32.837462678749155
EXIDEIND,2022-01-03,2022-02-07,169.95,167.0,35,-1.7358046484260008
EXIDEIND,2022-07-11,2022-09-12,152.0,174.25,63,14.638157894736842
EXIDEIND,2023-08-11,2023-08-25,268.65,258.9,14,-3.629257398101619
EXIDEIND,2023-09-04,2023-09-20,273.1,261.75,16,-4.155986818015387
EXIDEIND,2023-09-11,2023-09-12,277.7,267.9,1,-3.5289881166726724
EXIDEIND,2023-11-06,2024-01-05,269.0,328.95,60,22.28624535315985
EXIDEIND,2023-12-29,2024-01-12,317.3,337.15,14,6.255909234163242
VEDL,2021-12-13,2021-12-15,357.5,352.9,2,-1.286713286713293
VEDL,2022-02-28,2022-03-03,381.0,395.25,3,3.740157480314961
VEDL,2022-03-21,2022-03-23,399.05,407.85,2,2.2052374389174316
VEDL,2022-09-13,2022-09-15,277.9,313.45,2,12.7923713566031
VEDL,2022-11-02,2022-11-04,296.45,322.6,2,8.821049080789352
VEDL,2023-05-23,2023-05-25,288.5,296.25,2,2.68630849220104
VEDL,2023-07-14,2023-07-18,285.75,281.65,4,-1.4348206474190806
VEDL,2023-11-03,2023-11-07,232.2,237.45,4,2.260981912144703
BALRAMCHIN,2021-12-28,2022-01-04,344.9,426.25,7,23.586546825166725
BALRAMCHIN,2022-01-13,2022-01-20,443.0,453.05,7,2.268623024830702
BALRAMCHIN,2023-03-08,2023-03-15,400.75,387.0,7,-3.4310667498440424
BALRAMCHIN,2023-11-06,2023-11-12,430.3,437.0,6,1.557053218684636
BALRAMCHIN,2023-11-20,2023-11-28,444.95,469.5,8,5.517473873468932
ABBOTINDIA,2022-10-27,2023-01-09,18855.7,22317.05,74,18.357048531743708
ABBOTINDIA,2022-11-01,2023-01-12,19655.45,22098.9,72,12.431412152863459
ABBOTINDIA,2022-12-01,2022-12-05,20430.9,20100.0,4,-1.6196055974039392
LUPIN,2021-12-14,2021-12-17,946.0,873.0,3,-7.716701902748414
LUPIN,2022-01-13,2022-01-14,957.3,950.05,1,-0.7573383474354957
LUPIN,2022-10-03,2022-10-20,721.0,677.65,17,-6.012482662968103
LUPIN,2023-01-10,2023-01-25,759.0,746.9,15,-1.5942028985507277
LUPIN,2023-04-12,2023-04-17,676.65,658.5,5,-2.682332077144754
LUPIN,2023-04-18,2023-07-12,698.0,940.35,85,34.72063037249284
LUPIN,2023-09-05,2023-12-01,1121.0,1300.0,87,15.967885816235505
LUPIN,2023-11-30,2023-12-06,1285.0,1244.0,6,-3.1906614785992216
LTTS,2023-04-27,2023-07-19,3718.0,4136.4,83,11.253362022592782
LTTS,2023-11-29,2024-01-12,4671.1,5458.5,44,16.856843141872353
ATUL,2021-12-09,2021-12-10,9087.5,8899.95,1,-2.0638239339752324
ATUL,2022-03-11,2022-03-28,9500.0,10600.0,17,11.578947368421053
ATUL,2022-03-25,2022-04-08,10250.0,9990.0,14,-2.5365853658536586
ATUL,2022-07-11,2022-07-25,8520.4,8669.95,14,1.755199286418491
ATUL,2022-07-22,2022-08-05,8644.5,9394.0,14,8.67025276187171
ATUL,2023-08-25,2023-09-08,6939.0,7530.0,14,8.51707738867272
ATUL,2023-08-29,2023-09-12,7215.0,7327.3,14,1.556479556479559
INDIAMART,2023-03-21,2023-05-04,2548.0,3033.0,44,19.03453689167975
INDIAMART,2023-04-11,2023-05-22,2570.62,2787.5,41,8.436875150741848
ACC,2022-07-29,2022-09-15,2224.8,2741.0,48,23.202085580726347
ACC,2024-01-02,2024-01-12,2265.2,2334.5,10,3.0593325092707127
PEL,2022-01-03,2022-01-07,2683.05,2576.0,4,-3.9898622835951683
PEL,2022-08-11,2022-08-30,1908.0,1076.05,19,-43.60324947589099
PEL,2023-04-28,2023-07-25,736.4,1005.1,88,36.4883215643672
PEL,2023-05-23,2023-08-17,773.7,1061.05,86,37.13971823704277
BEL,2022-01-14,2022-01-19,73.75,69.42,5,-5.871186440677964
BEL,2022-07-21,2022-09-22,89.53,110.15,63,23.031386127555013
BEL,2023-07-11,2023-09-08,127.5,143.25,59,12.352941176470589
BEL,2023-07-28,2023-08-02,130.0,125.45,5,-3.4999999999999973
MFSL,2022-01-03,2022-01-18,1016.0,1012.15,15,-0.378937007874018
MFSL,2022-05-26,2022-06-10,766.0,830.8,15,8.459530026109654
MFSL,2022-05-31,2022-06-15,796.0,824.0,15,3.5175879396984926
MFSL,2022-06-08,2022-06-16,826.65,801.55,8,-3.0363515393455542
MFSL,2023-06-21,2023-07-07,741.0,801.75,16,8.19838056680162
MFSL,2023-11-08,2023-11-23,934.85,972.75,15,4.054126330427339
MFSL,2023-11-28,2023-12-13,1008.95,1057.0,15,4.762376728281873
SHRIRAMFIN,2022-04-08,2022-04-18,1211.25,1165.1,10,-3.8101135190918547
SHRIRAMFIN,2023-05-29,2023-07-31,1408.0,1891.0,63,34.30397727272727
SHRIRAMFIN,2023-09-08,2023-09-12,1955.0,1894.0,4,-3.1202046035805626
SHRIRAMFIN,2023-11-15,2023-11-23,2036.95,1973.5,8,-3.114951275190851
SHRIRAMFIN,2023-12-14,2023-12-20,2124.95,1994.0,6,-6.162497941128018
SHRIRAMFIN,2024-01-04,2024-01-12,2151.0,2289.0,8,6.4156206415620645
SHRIRAMFIN,2024-01-11,2024-01-12,2270.55,2289.0,1,0.8125784501552406
LALPATHLAB,2023-05-12,2023-06-20,2059.0,2220.0,39,7.819329771733852
LALPATHLAB,2023-06-19,2023-07-27,2123.0,2494.0,38,17.47527084314649
ASIANPAINT,2021-12-10,2022-01-12,3279.0,3547.0,33,8.173223543763344
ASIANPAINT,2022-07-06,2022-08-08,2867.0,3461.1,33,20.72200906871294
ASIANPAINT,2022-09-27,2022-09-29,3470.0,3402.0,2,-1.9596541786743515
ASIANPAINT,2022-11-30,2022-12-15,3183.35,3122.9,15,-1.8989429374715256
MANAPPURAM,2022-10-12,2022-12-06,104.2,122.5,55,17.562380038387712
MANAPPURAM,2023-07-26,2023-09-18,135.2,143.8,54,6.360946745562147
BAJFINANCE,2022-01-03,2022-01-24,7225.0,6904.75,21,-4.432525951557094
BAJFINANCE,2022-09-13,2022-09-16,7394.0,7277.7,3,-1.572896943467679
BAJFINANCE,2023-04-25,2023-07-04,6071.0,7870.0,70,29.632679953879098
HEROMOTOCO,2022-01-10,2022-02-03,2581.0,2764.0,24,7.090275087175513
HEROMOTOCO,2022-04-26,2022-05-20,2401.9,2587.0,24,7.7063991007119315
HEROMOTOCO,2022-05-06,2022-05-31,2570.0,2790.0,25,8.560311284046692
HEROMOTOCO,2022-05-27,2022-06-03,2716.2,2581.85,7,-4.946248435314039
HEROMOTOCO,2022-06-23,2022-07-18,2675.0,2820.95,25,5.456074766355133
HEROMOTOCO,2022-11-28,2022-12-21,2771.9,2754.2,23,-0.6385511742847965
CUMMINSIND,2022-10-27,2022-12-14,1259.6,1495.0,48,18.68847253096222
CUMMINSIND,2023-06-13,2023-07-31,1847.0,1966.1,48,6.448294531672978
CUMMINSIND,2023-07-28,2023-08-02,1952.0,1895.6,5,-2.8893442622950865
LAURUSLABS,2023-06-13,2023-06-30,361.0,366.1,17,1.4127423822714744
LAURUSLABS,2023-12-07,2023-12-26,390.0,435.0,19,11.538461538461538
LAURUSLABS,2023-12-18,2024-01-04,399.0,432.4,17,8.370927318295733
LAURUSLABS,2023-12-22,2024-01-10,415.8,419.0,19,0.7696007696007668
DALBHARAT,2022-11-03,2022-12-01,1656.9,1902.85,28,14.843985756533273
DALBHARAT,2022-11-30,2022-12-27,1825.9,1864.3,27,2.1030724574182518
DALBHARAT,2023-05-08,2023-06-02,2088.0,2134.5,25,2.227011494252874
DALBHARAT,2023-05-30,2023-06-09,2131.1,2098.85,10,-1.5133029890666794
DALBHARAT,2023-06-14,2023-07-07,2195.5,2145.0,23,-2.3001594169892963
DALBHARAT,2023-09-01,2023-09-29,2132.75,2401.05,28,12.580002344391053
DALBHARAT,2023-09-06,2023-10-05,2301.1,2261.0,29,-1.7426448220416284
DALBHARAT,2023-09-11,2023-09-20,2361.95,2315.0,9,-1.987764347255438
DALBHARAT,2024-01-05,2024-01-09,2387.0,2318.0,4,-2.8906577293674065
INDHOTEL,2022-03-23,2022-05-02,216.1,261.0,40,20.777417862100883
TORNTPHARM,2022-08-04,2022-09-14,1563.0,1501.0,41,-3.966730646193218
TORNTPHARM,2023-05-23,2023-08-09,1690.0,2075.0,78,22.781065088757398
TORNTPHARM,2023-05-31,2023-08-18,1811.05,1981.0,79,9.384058971314985
TORNTPHARM,2023-06-28,2023-08-31,1930.7,1841.75,64,-4.607137307712231
TORNTPHARM,2023-08-04,2023-08-11,2056.25,1990.3,7,-3.20729483282675
MPHASIS,2023-01-24,2023-02-27,2111.9,2050.0,34,-2.931009991003366
MPHASIS,2023-07-13,2023-09-05,1930.0,2515.2,54,30.321243523316056
MPHASIS,2023-08-24,2023-08-28,2465.0,2325.0,4,-5.679513184584178
MPHASIS,2023-09-05,2023-09-06,2515.2,2475.0,1,-1.5982824427480846
SUNTV,2023-05-15,2023-05-18,449.0,426.65,3,-4.977728285077957
SUNTV,2023-08-23,2023-11-20,568.5,681.05,89,19.797713280562874
SUNTV,2023-08-31,2023-09-04,617.9,610.05,4,-1.2704321087554657
SUNTV,2023-11-13,2024-01-12,672.5,708.0,60,5.278810408921933
ABB,2021-12-09,2022-01-03,2325.05,2204.0,25,-5.206339648609715
ABB,2022-05-05,2022-07-28,2224.0,2737.0,84,23.06654676258993
ABB,2022-08-24,2022-11-22,3065.0,3068.0,90,0.09787928221859706
EICHERMOT,2022-09-20,2022-09-26,3720.0,3506.55,6,-5.737903225806447
EICHERMOT,2023-08-30,2023-08-31,3396.95,3341.0,1,-1.6470657501582249
EICHERMOT,2023-09-26,2023-10-03,3477.2,3348.9,7,-3.689750373864021
EICHERMOT,2023-11-06,2023-12-05,3517.85,4140.0,29,17.68551814318405
EICHERMOT,2023-11-13,2023-12-13,3639.75,4036.0,30,10.886736726423518
HDFCAMC,2022-10-19,2022-12-19,1952.0,2289.7,61,17.300204918032776
OFSS,2022-04-04,2022-04-13,3668.65,3569.55,9,-2.7012661333187933
OFSS,2023-03-31,2023-06-20,3279.0,3924.95,81,19.699603537663915
AMBUJACEM,2022-06-02,2022-06-03,373.9,368.5,1,-1.4442364268520935
AMBUJACEM,2022-11-14,2022-12-14,581.5,583.0,30,0.2579535683576956
AMBUJACEM,2023-04-28,2023-05-03,397.0,382.6,5,-3.627204030226695
AMBUJACEM,2023-05-22,2023-06-21,426.1,450.7,30,5.773292654306492
AMBUJACEM,2023-12-04,2024-01-04,474.5,548.0,31,15.489989462592202
BSOFT,2021-12-13,2021-12-20,506.85,467.5,7,-7.763638157245738
BSOFT,2021-12-23,2022-01-20,530.2,502.25,28,-5.271595624292727
BSOFT,2022-03-24,2022-03-28,481.25,453.9,4,-5.683116883116888
BSOFT,2022-04-05,2022-04-12,489.9,463.45,7,-5.399061032863848
BSOFT,2023-05-09,2023-08-01,308.25,433.0,84,40.470397404703974
NTPC,2022-04-01,2022-04-21,142.8,162.75,20,13.970588235294109
NTPC,2022-04-18,2022-05-05,163.75,158.45,17,-3.236641221374053
NTPC,2022-10-27,2022-11-15,171.25,172.35,19,0.6423357664233543
NTPC,2023-09-01,2023-09-20,231.35,241.85,19,4.53857791225416
ICICIGI,2023-05-10,2023-05-19,1107.6,1075.0,9,-2.943300830624766
ICICIGI,2023-05-29,2023-08-08,1190.3,1412.85,71,18.696967151138367
DEEPAKNTR,2021-12-28,2022-01-10,2445.0,2592.0,13,6.012269938650307
DEEPAKNTR,2022-01-03,2022-01-14,2532.0,2655.0,11,4.857819905213271
DEEPAKNTR,2023-05-24,2023-06-06,2130.05,2132.0,13,0.09154714678058345
DEEPAKNTR,2023-06-20,2023-06-30,2241.0,2174.4,10,-2.9718875502007993
DEEPAKNTR,2023-08-29,2023-09-11,2177.0,2334.1,13,7.216352779053739
DEEPAKNTR,2023-11-23,2023-12-07,2208.0,2255.0,14,2.1286231884057973
DEEPAKNTR,2023-12-26,2024-01-08,2472.0,2429.0,13,-1.7394822006472492
PVRINOX,2022-03-21,2022-04-07,1749.75,1899.7,17,8.569795685097874
PVRINOX,2023-11-29,2023-12-18,1699.0,1812.4,19,6.67451442024721
M&MFIN,2022-07-08,2022-07-12,197.45,203.6,4,3.114712585464678
M&MFIN,2022-07-19,2022-07-21,207.3,208.5,2,0.5788712011577369
M&MFIN,2022-09-02,2022-09-06,209.0,218.9,4,4.736842105263161
M&MFIN,2022-11-03,2022-11-07,218.95,218.5,4,-0.20552637588490005
M&MFIN,2023-04-06,2023-04-11,252.0,251.0,5,-0.3968253968253968
M&MFIN,2023-06-01,2023-06-05,293.65,299.85,4,2.111357057721793
M&MFIN,2023-06-19,2023-06-21,315.85,325.5,2,3.0552477441823576
M&MFIN,2023-06-28,2023-07-03,330.0,344.0,5,4.242424242424243
M&MFIN,2023-09-20,2023-09-22,309.5,301.5,2,-2.5848142164781907
GNFC,2022-07-19,2022-08-18,655.7,785.5,30,19.79563824919932
GNFC,2023-12-15,2023-12-20,746.4,707.85,5,-5.16479099678456
LTIM,2023-06-27,2023-07-11,5169.5,4928.0,14,-4.671631685849696
LTIM,2023-11-09,2023-12-29,5265.0,6280.0,50,19.278252611585945
MUTHOOTFIN,2022-01-03,2022-01-14,1540.0,1485.0,11,-3.571428571428571
MUTHOOTFIN,2022-11-07,2022-11-11,1123.0,1075.5,4,-4.229741763134461
MUTHOOTFIN,2023-05-22,2023-08-08,1122.45,1369.0,78,21.965343667869387
DABUR,2022-04-28,2022-04-29,571.2,557.25,1,-2.4422268907563103
DABUR,2022-07-04,2022-07-29,524.85,584.9,25,11.441364199295027
DABUR,2022-07-20,2022-08-18,560.0,595.3,29,6.303571428571421
DABUR,2023-12-29,2024-01-12,556.65,550.0,14,-1.1946465463037774
CANBK,2022-01-27,2022-02-07,240.5,257.6,11,7.110187110187121
CANBK,2022-01-31,2022-02-09,252.55,260.65,9,3.207285686002758
CANBK,2022-08-17,2022-08-19,238.25,230.0,2,-3.4627492130115427
CANBK,2022-12-30,2023-01-06,333.05,319.9,7,-3.948356102687294
CANBK,2023-04-17,2023-04-26,297.1,309.25,9,4.089532144059231
CANBK,2023-04-24,2023-05-04,303.25,323.15,10,6.56224237427864
TVSMOTOR,2022-09-01,2022-10-19,1015.0,1169.0,48,15.172413793103448
TVSMOTOR,2023-02-15,2023-02-28,1104.75,1075.2,13,-2.6748133061778643
TVSMOTOR,2024-01-11,2024-01-12,2080.0,2098.3,1,0.8798076923077011
MGL,2023-02-16,2023-02-17,920.1,885.9,1,-3.7169872839908753
MGL,2023-03-06,2023-04-03,987.4,921.85,28,-6.6386469515900295
MGL,2023-12-04,2024-01-12,1098.0,1265.85,39,15.286885245901633
MGL,2023-12-07,2024-01-12,1171.0,1265.85,36,8.099914602903494
GUJGASLTD,2023-07-28,2023-08-03,480.1,455.3,6,-5.165590501978756
GUJGASLTD,2023-12-29,2024-01-11,461.4,543.95,13,17.89120069354141
PIIND,2021-12-15,2021-12-20,3075.0,2842.0,5,-7.5772357723577235
PIIND,2022-07-12,2022-08-30,2830.1,3440.0,49,21.550475248224448
PIIND,2022-12-14,2022-12-27,3542.25,3480.0,13,-1.7573576116874867
GODREJCP,2022-09-07,2022-09-16,944.35,895.45,9,-5.178164875311058
GODREJCP,2022-11-24,2023-02-14,861.2,932.05,82,8.226892707849501
GODREJCP,2022-11-29,2023-02-17,870.1,949.0,80,9.06792322721526
SIEMENS,2022-12-07,2022-12-23,2907.1,2790.0,16,-4.028069209865499
SIEMENS,2023-02-15,2023-05-12,3227.35,3898.0,86,20.78020667110788
SIEMENS,2023-02-21,2023-03-02,3295.95,3126.0,9,-5.156328220998493
DIXON,2022-04-05,2022-04-12,4631.0,4350.0,7,-6.067803930036709
DIXON,2022-10-31,2022-11-17,4518.5,4381.0,17,-3.0430452583822065
DIXON,2023-10-19,2023-10-26,5510.0,5356.05,7,-2.7940108892921924
DIXON,2023-11-16,2023-12-29,5429.0,6554.0,43,20.722048259347947
DIXON,2023-12-11,2024-01-12,6396.0,6552.0,32,2.4390243902439024
NESTLEIND,2022-10-19,2022-11-01,1980.0,2056.0,13,3.8383838383838382
NESTLEIND,2023-12-19,2024-01-01,2549.9,2736.4,13,7.3140123142084
BHARATFORG,2022-01-06,2022-01-19,747.7,760.9,13,1.7654139360706071
BHARATFORG,2022-10-25,2022-11-09,805.95,880.25,15,9.218934177058124
TATAPOWER,2022-01-12,2022-01-24,237.5,227.95,12,-4.021052631578952
TATAPOWER,2023-03-06,2023-03-13,210.4,203.4,7,-3.326996197718631
TATAPOWER,2023-07-28,2023-09-11,235.1,272.05,45,15.716716290940033
TATAPOWER,2023-08-01,2023-08-02,244.45,235.9,1,-3.4976477807322492
TATAPOWER,2023-08-22,2023-10-05,243.8,257.6,44,5.66037735849057
TATAPOWER,2023-09-01,2023-10-17,255.5,256.75,46,0.4892367906066536
TATAPOWER,2024-01-11,2024-01-12,357.25,356.8,1,-0.12596221133659583
TCS,2021-12-24,2022-01-07,3671.0,3858.9,14,5.118496322527924
TCS,2022-01-03,2022-01-17,3815.0,4025.0,14,5.5045871559633035
APOLLOTYRE,2021-12-31,2022-01-17,218.95,243.55,17,11.235441881708164
APOLLOTYRE,2022-01-04,2022-01-19,225.8,233.0,15,3.188662533215229
APOLLOTYRE,2022-04-27,2022-05-06,210.2,196.9,9,-6.327307326355844
APOLLOTYRE,2022-11-28,2022-12-13,311.9,318.15,15,2.0038473869830074
BATAINDIA,2023-04-20,2023-07-11,1462.0,1695.0,82,15.937072503419971
BATAINDIA,2023-07-26,2023-08-10,1708.2,1644.4,15,-3.7349256527338692
BATAINDIA,2023-07-31,2023-08-09,1740.0,1699.0,9,-2.3563218390804597
CUB,2022-10-12,2022-12-14,185.8,202.9,63,9.20344456404736
POWERGRID,2022-11-01,2022-11-03,176.18,171.3,2,-2.7698944261550658
POWERGRID,2023-06-20,2023-07-14,187.28,180.45,24,-3.646945749679631
POWERGRID,2023-11-09,2024-01-09,210.0,242.45,61,15.452380952380947
GRASIM,2022-04-05,2022-04-26,1695.86,1704.07,21,0.48412015142759646
GRASIM,2022-08-26,2022-09-15,1676.29,1798.85,20,7.311384068389118
GRASIM,2023-07-03,2023-07-20,1789.88,1810.8,17,1.1687934386662706
UPL,2022-07-21,2022-08-01,706.05,759.9,11,7.626938602082009
UPL,2023-01-19,2023-01-31,748.0,758.0,12,1.3368983957219251
INFY,2022-07-29,2022-08-11,1546.0,1618.5,13,4.6895213454075035
INFY,2023-12-14,2023-12-27,1506.0,1568.6,13,4.1567065073041105
IGL,2022-08-10,2022-08-16,379.55,439.4,6,15.76867342906072
IGL,2022-11-15,2022-11-17,433.75,412.7,2,-4.853025936599426
IGL,2022-11-28,2022-12-01,443.1,433.3,3,-2.211690363349134
PFC,2023-03-03,2023-03-09,124.08,134.68,6,8.542875564152167
ULTRACEMCO,2022-01-17,2022-01-19,7870.7,7456.75,2,-5.259379724802113
ULTRACEMCO,2023-01-12,2023-01-23,7155.0,6860.0,11,-4.122990915443745
ULTRACEMCO,2023-03-29,2023-04-21,7548.7,7355.95,23,-2.553419794136739
ULTRACEMCO,2023-06-06,2023-07-03,8115.0,8435.05,27,3.9439309919901326
ULTRACEMCO,2023-11-30,2023-12-27,9004.0,10469.95,27,16.2810972900933
ONGC,2022-01-07,2022-01-20,157.05,167.0,13,6.335561922954465
ONGC,2022-01-17,2022-01-31,166.25,172.5,14,3.7593984962406015
ONGC,2022-01-19,2022-01-21,169.55,164.1,2,-3.214391035092903
ONGC,2022-08-12,2022-08-22,139.55,132.3,10,-5.19527051236116
ONGC,2022-11-02,2022-11-16,136.5,142.95,14,4.7252747252747165
ONGC,2022-11-10,2022-11-21,139.9,135.65,11,-3.0378842030021445
ONGC,2023-09-14,2023-09-28,187.85,188.2,14,0.1863188714399757
ONGC,2024-01-04,2024-01-12,214.5,224.0,8,4.428904428904429
MARUTI,2022-04-22,2022-04-28,7900.0,7908.7,6,0.11012658227847871
MARUTI,2022-05-23,2022-05-27,7891.15,7935.0,4,0.5556857999150994
MARUTI,2022-06-23,2022-06-29,8300.3,8492.0,6,2.309555076322552
MARUTI,2022-10-25,2022-11-01,9010.1,9435.0,7,4.71581891432947
MARUTI,2023-06-30,2023-07-06,9779.0,9865.0,6,0.8794355251048165
MARUTI,2023-07-05,2023-07-11,9990.1,9900.0,6,-0.9018928739452095
ZYDUSLIFE,2021-12-30,2022-01-04,476.4,465.0,5,-2.3929471032745546
ZYDUSLIFE,2022-10-27,2022-11-16,434.0,416.2,20,-4.101382488479265
ZYDUSLIFE,2022-11-07,2022-11-10,450.8,435.65,3,-3.360692102928135
ZYDUSLIFE,2023-03-29,2023-06-28,489.6,582.0,91,18.87254901960784
ZYDUSLIFE,2023-06-02,2023-06-05,518.0,510.0,3,-1.5444015444015444
JINDALSTEL,2022-01-05,2022-01-11,406.1,384.8,6,-5.245013543462204
JINDALSTEL,2022-01-13,2022-01-24,411.7,377.3,11,-8.355598736944371
JINDALSTEL,2022-02-10,2022-02-14,440.25,404.75,4,-8.063600227143668
JINDALSTEL,2022-03-10,2022-04-06,469.45,561.8,27,19.67195654489295
JINDALSTEL,2022-03-23,2022-04-20,510.3,558.3,28,9.40623162845384
ICICIPRULI,2022-07-29,2022-08-30,554.55,595.3,32,7.34830042376702
ESCORTS,2022-11-21,2022-12-01,2188.0,2338.15,10,6.862431444241321
ESCORTS,2022-11-25,2022-12-07,2285.0,2290.0,12,0.2188183807439825
AARTIIND,2023-08-29,2023-09-07,484.0,520.3,9,7.49999999999999
AARTIIND,2023-09-04,2023-09-13,500.1,526.3,9,5.238952209558074
AARTIIND,2023-09-13,2023-09-25,526.3,496.35,12,-5.690670720121592
BIOCON,2021-12-08,2021-12-14,382.0,377.3,6,-1.230366492146594
BIOCON,2022-01-21,2022-01-28,376.45,362.85,7,-3.6126975693983177
BIOCON,2022-02-02,2022-02-08,386.5,403.1,6,4.294954721862878
BIOCON,2022-02-07,2022-02-11,398.45,403.95,4,1.3803488518007279
BIOCON,2023-09-05,2023-09-11,267.45,275.9,6,3.159469059637311
BIOCON,2024-01-02,2024-01-08,266.55,281.0,6,5.421121740761579
BIOCON,2024-01-05,2024-01-11,290.0,282.15,6,-2.706896551724146
SBILIFE,2021-12-13,2021-12-15,1194.4,1174.6,2,-1.6577361018084547
SBILIFE,2023-01-12,2023-01-24,1316.0,1272.65,12,-3.2940729483282603
SBILIFE,2023-05-29,2023-08-08,1215.0,1355.0,71,11.522633744855968
CANFINHOME,2023-01-31,2023-02-02,567.0,571.55,2,0.802469135802461
CANFINHOME,2023-02-08,2023-02-10,590.6,597.9,2,1.2360311547578657
CANFINHOME,2023-09-04,2023-09-06,767.0,781.0,2,1.8252933507170794
CANFINHOME,2023-12-01,2023-12-05,812.85,834.4,4,2.651165651719254
TATASTEEL,2022-01-17,2022-01-21,123.03,117.0,4,-4.901243599122166
TATASTEEL,2022-04-06,2022-04-12,137.0,132.2,6,-3.503649635036505
TATASTEEL,2023-07-10,2023-09-15,115.25,132.35,67,14.83731019522776
LICHSGFIN,2022-01-17,2022-01-18,390.5,378.0,1,-3.201024327784891
LICHSGFIN,2022-09-05,2022-09-19,425.0,414.6,14,-2.447058823529406
LICHSGFIN,2022-09-08,2022-09-19,432.65,414.6,11,-4.171963480873675
LICHSGFIN,2023-06-16,2023-09-11,386.8,454.6,87,17.52843846949328
LICHSGFIN,2023-06-21,2023-06-23,405.7,387.8,2,-4.412127187577021
LICHSGFIN,2024-01-01,2024-01-12,559.5,573.5,11,2.5022341376228776
LICHSGFIN,2024-01-04,2024-01-12,572.4,573.5,8,0.19217330538085653
IEX,2022-08-16,2022-08-19,172.2,163.45,3,-5.081300813008131
IEX,2023-02-21,2023-02-28,144.4,144.9,7,0.3462603878116343
IEX,2023-03-01,2023-03-09,147.2,147.95,8,0.5095108695652174
IEX,2023-05-05,2023-05-12,158.1,157.6,7,-0.3162555344718533
IEX,2023-09-01,2023-09-08,131.7,141.9,7,7.744874715261972
IEX,2023-12-28,2024-01-04,161.6,165.65,7,2.506188118811888
INDIGO,2022-05-26,2022-05-31,1813.75,1840.0,5,1.447277739490007
INDIGO,2022-12-07,2022-12-12,1971.0,2058.0,5,4.41400304414003
INDIGO,2024-01-10,2024-01-12,3087.65,3073.25,2,-0.46637410328243456
IRCTC,2023-09-01,2023-09-08,688.95,724.9,7,5.218085492415985
HCLTECH,2021-12-02,2021-12-06,1183.0,1137.8,4,-3.820794590025363
HCLTECH,2023-09-04,2023-11-30,1232.0,1340.0,87,8.766233766233766
BPCL,2022-07-28,2022-08-02,325.7,334.0,5,2.548357384095797
BPCL,2022-09-08,2022-09-13,339.85,341.0,5,0.3383845814329784
BPCL,2023-06-12,2023-06-15,371.4,378.25,3,1.8443726440495485
SRF,2021-12-16,2021-12-17,2232.7,2161.2,1,-3.2024006807900753
SRF,2021-12-22,2022-01-12,2310.0,2620.0,21,13.41991341991342
SRF,2022-09-01,2022-09-22,2669.0,2625.0,21,-1.6485575121768452
SRF,2022-09-12,2022-09-21,2730.2,2625.0,9,-3.8531975679437345
SBIN,2023-07-03,2023-07-17,585.45,602.0,14,2.8268853019045097
SBIN,2023-07-17,2023-07-31,602.0,619.0,14,2.823920265780731
SBIN,2023-09-13,2023-09-28,596.0,590.0,15,-1.006711409395973
IDFC,2022-10-04,2022-10-11,69.9,72.0,7,3.004291845493554
IDFC,2022-11-28,2022-12-02,82.5,83.6,4,1.3333333333333264
IDFC,2023-02-06,2023-02-10,91.7,91.05,4,-0.7088331515812494
IDFC,2023-09-04,2023-09-08,129.4,129.2,4,-0.15455950540959587
IDFC,2023-12-04,2023-12-08,121.1,122.45,4,1.114781172584648
AXISBANK,2023-01-03,2023-01-06,961.75,941.4,3,-2.115934494411232
AXISBANK,2023-11-29,2024-01-05,1058.9,1134.3,37,7.120596845783346
AXISBANK,2024-01-04,2024-01-12,1125.0,1119.05,8,-0.5288888888888928
SUNPHARMA,2023-01-11,2023-01-30,1029.0,1051.0,19,2.1379980563654035
SUNPHARMA,2024-01-04,2024-01-12,1310.0,1329.25,8,1.4694656488549618
RELIANCE,2022-08-01,2022-08-18,2570.0,2662.05,17,3.5817120622568166
ABCAPITAL,2022-01-03,2022-01-06,129.2,132.95,3,2.9024767801857587
ABCAPITAL,2022-04-27,2022-05-02,120.45,116.95,5,-2.9057700290577
ABCAPITAL,2023-03-01,2023-03-06,152.3,156.45,5,2.7248850952068135
ABCAPITAL,2023-06-27,2023-07-03,193.1,194.65,6,0.8026929052304563
SHREECEM,2021-12-31,2022-01-04,26980.0,26950.0,4,-0.1111934766493699
SHREECEM,2022-01-17,2022-01-19,27493.8,26395.0,2,-3.9965374011595314
SHREECEM,2022-09-07,2022-09-09,23480.0,24370.0,2,3.79045996592845
SHREECEM,2022-11-30,2022-12-02,23751.0,24050.0,2,1.258894362342638
SHREECEM,2022-12-07,2022-12-09,24231.0,24395.1,2,0.6772316454128948
SHREECEM,2023-02-17,2023-02-21,25735.0,26550.0,4,3.1668933359238394
SHREECEM,2023-05-30,2023-06-01,25537.6,25165.0,2,-1.4590251237391085
BERGEPAINT,2022-11-24,2022-11-29,512.92,510.21,5,-0.5283475005848826
BERGEPAINT,2023-02-28,2023-05-31,485.0,543.75,92,12.11340206185567
BERGEPAINT,2023-03-16,2023-03-23,504.17,480.67,7,-4.6611262074300335
BERGEPAINT,2023-05-09,2023-05-16,521.25,509.83,7,-2.1908872901678684
BERGEPAINT,2023-08-29,2023-09-04,600.33,589.17,6,-1.8589775623407263
MARICO,2022-04-28,2022-04-29,537.4,521.95,1,-2.874953479717144
MARICO,2023-07-27,2023-09-06,555.3,587.1,41,5.72663425175582
MOTHERSON,2022-07-18,2022-07-21,84.47,89.87,3,6.392802178288156
MOTHERSON,2022-07-21,2022-07-26,89.87,86.63,5,-3.6052075219761974
GRANULES,2022-08-17,2022-08-19,327.0,311.0,2,-4.892966360856269
GRANULES,2022-09-30,2022-11-03,346.6,378.35,34,9.160415464512406
GRANULES,2023-06-16,2023-06-23,291.55,286.95,7,-1.577773966729557
PETRONET,2023-01-19,2023-01-24,223.95,229.8,5,2.612190221031491
CROMPTON,2023-09-07,2023-09-12,313.0,306.0,5,-2.2364217252396164
CROMPTON,2023-12-29,2024-01-12,310.5,325.0,14,4.669887278582931
WIPRO,2023-01-18,2023-02-02,403.45,409.95,15,1.611104226050316
WIPRO,2023-04-28,2023-05-05,384.9,379.7,7,-1.3510002598077393
WIPRO,2023-05-22,2023-06-05,396.0,404.55,14,2.159090909090912
FEDERALBNK,2022-08-24,2022-11-09,114.15,138.05,77,20.937363118703463
FEDERALBNK,2022-08-30,2022-09-26,116.95,111.0,27,-5.087644292432666
FEDERALBNK,2022-12-05,2022-12-07,137.45,132.3,2,-3.7468170243724828
FEDERALBNK,2023-04-25,2023-05-05,133.25,128.0,10,-3.9399624765478425
FEDERALBNK,2023-05-03,2023-05-05,137.7,128.0,2,-7.044299201161938
FEDERALBNK,2023-08-23,2023-11-07,141.65,147.8,76,4.341687257324395
FEDERALBNK,2023-09-08,2023-09-12,147.55,142.95,4,-3.117587258556437
PIDILITIND,2022-11-29,2022-12-07,2723.55,2774.1,8,1.8560334857079812
TITAN,2022-01-04,2022-01-06,2582.0,2595.95,2,0.540278853601852
TITAN,2022-02-28,2022-03-03,2554.85,2573.0,3,0.7104135272129515
TITAN,2022-03-17,2022-03-22,2702.0,2715.0,5,0.4811250925240563
TITAN,2023-08-17,2023-08-21,3071.5,3079.0,4,0.24418036789842099
TITAN,2023-08-31,2023-09-04,3112.0,3107.0,4,-0.16066838046272494
RBLBANK,2023-09-25,2023-10-03,238.5,255.0,8,6.918238993710692
RBLBANK,2023-09-29,2023-10-05,252.2,241.9,6,-4.084060269627273
RBLBANK,2024-01-11,2024-01-12,295.1,291.0,1,-1.3893595391392823
CONCOR,2023-08-08,2023-08-10,713.0,694.75,2,-2.5596072931276295
CONCOR,2024-01-02,2024-01-04,882.65,916.7,2,3.857701240582345
KOTAKBANK,2022-08-18,2022-09-14,1911.05,1954.0,27,2.2474555872426176
KOTAKBANK,2023-07-20,2023-07-25,1956.55,1873.7,5,-4.234494390636575
KOTAKBANK,2023-11-15,2023-11-22,1772.0,1744.9,7,-1.5293453724604915
KOTAKBANK,2023-12-04,2023-12-29,1819.2,1904.0,25,4.661389621811783
ABFRL,2023-09-05,2023-09-11,231.6,233.6,6,0.8635578583765112
POLYCAB,2021-12-31,2022-01-04,2463.0,2461.0,4,-0.08120178643930166
POLYCAB,2022-01-13,2022-01-17,2689.9,2703.0,4,0.4870069519312952
POLYCAB,2022-04-05,2022-04-07,2638.0,2613.35,2,-0.9344200151630058
POLYCAB,2022-09-13,2022-09-15,2638.55,2672.0,2,1.2677417520986836
SAIL,2022-04-04,2022-04-11,106.1,109.9,7,3.581526861451472
SAIL,2022-04-06,2022-04-13,110.5,106.5,7,-3.619909502262444
SAIL,2022-10-27,2022-10-28,82.4,78.9,1,-4.24757281553398
SAIL,2023-07-03,2023-07-10,87.45,90.2,7,3.1446540880503147
SAIL,2023-07-10,2023-07-17,90.2,91.8,7,1.7738359201773775
HINDUNILVR,2022-05-18,2022-05-20,2291.0,2322.0,2,1.3531209079004802
HINDUNILVR,2023-01-17,2023-01-19,2665.35,2643.15,2,-0.8329112499296459
TATACONSUM,2022-01-14,2022-01-19,760.8,719.0,5,-5.494216614090425
TATACONSUM,2022-11-17,2023-01-02,784.5,762.9,46,-2.7533460803059304
TATACONSUM,2023-06-14,2023-09-06,862.75,881.05,84,2.1211243117936776
TATACONSUM,2023-09-13,2023-12-08,889.0,946.5,86,6.467941507311586
ZEEL,2021-12-03,2021-12-08,351.7,356.2,5,1.2794995735001422
ZEEL,2021-12-09,2021-12-14,369.5,372.0,5,0.6765899864682002
ZEEL,2023-08-10,2023-08-16,281.3,274.95,6,-2.2573764664059803
ZEEL,2023-11-01,2023-11-06,266.4,267.8,5,0.5255255255255384
DRREDDY,2023-11-30,2023-12-05,5784.3,5778.0,5,-0.10891551268088068
HINDPETRO,2022-08-02,2022-08-08,245.0,238.75,6,-2.5510204081632653
HINDPETRO,2022-08-05,2022-08-08,251.4,238.75,3,-5.031821797931586
HINDPETRO,2022-11-24,2023-01-11,221.1,256.8,48,16.14654002713705
HINDPETRO,2023-01-11,2023-01-16,256.8,247.25,5,-3.7188473520249268
HINDPETRO,2023-06-07,2023-06-09,276.1,262.25,2,-5.016298442593271
ADANIENT,2022-12-19,2022-12-21,4100.0,3908.0,2,-4.682926829268292
ADANIENT,2023-05-11,2023-05-16,1988.0,1898.05,5,-4.524647887323946
ADANIENT,2023-05-22,2023-05-29,2338.55,2533.0,7,8.314981505633824
ADANIENT,2023-08-03,2023-08-10,2534.8,2550.0,7,0.5996528325706098
ADANIPORTS,2022-01-05,2022-01-14,754.0,783.5,9,3.9124668435013263
ADANIPORTS,2022-11-09,2022-11-18,887.0,886.9,9,-0.01127395715896536
ADANIPORTS,2023-05-22,2023-05-31,732.2,740.0,9,1.065282709642168
ADANIPORTS,2023-06-21,2023-06-23,752.15,712.5,2,-5.271554876022067
JSWSTEEL,2023-08-09,2023-08-11,825.7,821.4,2,-0.5207702555407615
BRITANNIA,2022-01-04,2022-01-06,3641.0,3673.0,2,0.8788794287283713
BRITANNIA,2022-05-26,2022-05-30,3566.0,3582.55,4,0.4641054402692143
BRITANNIA,2022-05-31,2022-06-02,3666.0,3576.35,2,-2.4454446262956924
BRITANNIA,2022-11-07,2022-11-10,4125.0,4134.0,3,0.2181818181818182
BRITANNIA,2023-01-25,2023-01-30,4435.0,4400.5,5,-0.7779030439684329
BRITANNIA,2023-02-02,2023-02-06,4587.0,4631.95,4,0.9799433180728105
ICICIBANK,2022-11-29,2022-12-01,946.15,939.45,2,-0.7081329598900736
TATAMOTORS,2022-05-30,2022-06-01,442.5,445.0,2,0.5649717514124294
TATAMOTORS,2022-08-01,2022-08-03,480.0,467.2,2,-2.6666666666666687
TATAMOTORS,2023-01-27,2023-01-31,445.25,451.45,4,1.3924761370016818
TECHM,2022-10-25,2022-10-28,1083.0,1047.0,3,-3.32409972299169
TECHM,2023-12-14,2024-01-01,1262.0,1292.7,18,2.432646592709988
BAJAJFINSV,2022-11-04,2022-11-09,1801.0,1755.8,5,-2.5097168239866763
BAJAJFINSV,2023-11-30,2023-12-04,1675.1,1694.0,4,1.128290848307569
BANDHANBNK,2023-09-08,2023-09-12,243.5,232.0,4,-4.722792607802875
BANDHANBNK,2023-09-15,2023-09-27,248.7,256.95,12,3.3172496984318456
MRF,2022-05-31,2022-06-03,77600.0,76500.0,3,-1.4175257731958764
BALKRISIND,2022-04-27,2022-05-04,2198.0,2091.0,7,-4.868061874431301
BALKRISIND,2023-01-05,2023-01-24,2175.0,2250.0,19,3.4482758620689653
DIVISLAB,2023-07-27,2023-07-31,3754.0,3699.7,4,-1.4464571124134307
PNB,2023-04-28,2023-05-04,52.3,53.25,6,1.816443594646277
PNB,2023-06-21,2023-06-22,52.9,51.15,1,-3.308128544423441
UBL,2022-04-07,2022-04-12,1573.5,1544.9,5,-1.8176040673657394
UBL,2022-10-06,2022-10-11,1741.0,1643.75,5,-5.585870189546237
UBL,2023-07-27,2023-09-08,1554.5,1680.5,43,8.105500160823416
UBL,2023-10-20,2023-10-26,1607.05,1571.75,6,-2.196571357456206
M&M,2023-07-06,2023-07-13,1549.1,1571.05,7,1.4169517784520074
M&M,2023-09-18,2023-09-21,1637.25,1586.9,3,-3.075278668499002
IDFCFIRSTB,2022-12-14,2022-12-19,62.65,62.65,5,0.0
IDFCFIRSTB,2023-12-05,2023-12-08,89.55,88.0,3,-1.7308766052484614
RAMCOCEM,2023-11-09,2023-11-10,1021.95,986.0,1,-3.5177846274279605
RAMCOCEM,2023-12-04,2023-12-13,1033.0,1047.0,9,1.3552758954501452
PAGEIND,2022-03-17,2022-03-21,42700.05,41721.9,4,-2.290746732146687
PAGEIND,2022-08-30,2022-09-02,51050.0,49850.05,3,-2.350538687561209
PAGEIND,2023-09-06,2023-09-08,40900.0,41899.0,2,2.4425427872860634
PAGEIND,2024-01-02,2024-01-04,39152.0,39149.95,2,-0.005236003269316792
DELTACORP,2022-07-29,2022-08-10,197.3,192.95,12,-2.204764318297021
DELTACORP,2023-11-30,2023-12-19,146.5,145.8,19,-0.4778156996586953
TATACHEM,2022-09-12,2022-09-15,1162.0,1170.0,3,0.6884681583476765
TATACHEM,2022-10-27,2022-10-28,1189.2,1131.0,1,-4.894046417759842
MCDOWELL-N,2022-08-16,2022-08-18,811.9,808.5,2,-0.4187707845793789
MCDOWELL-N,2022-09-14,2022-09-16,854.1,844.0,2,-1.1825313195176235
MCDOWELL-N,2022-10-25,2022-10-28,862.5,871.15,3,1.002898550724635
MCDOWELL-N,2023-08-22,2023-08-24,1035.8,1019.9,2,-1.5350453755551243
MCDOWELL-N,2023-10-11,2023-10-13,1048.0,1066.7,2,1.7843511450381724
MCDOWELL-N,2023-10-13,2023-10-17,1066.7,1084.0,4,1.6218243179900584
MCDOWELL-N,2023-12-05,2023-12-07,1069.5,1065.85,2,-0.3412809724170258
MCDOWELL-N,2023-12-14,2023-12-18,1089.9,1103.0,4,1.2019451325809622
MCDOWELL-N,2023-12-18,2023-12-20,1103.0,1055.75,2,-4.28377153218495
MCDOWELL-N,2023-12-29,2024-01-02,1116.0,1091.0,4,-2.240143369175627
GODREJPROP,2023-09-08,2023-09-12,1697.8,1623.0,4,-4.405701496053714
CHAMBLFERT,2021-12-03,2021-12-15,406.45,410.0,12,0.8734161643498612
CHAMBLFERT,2023-01-31,2023-02-01,314.05,297.0,1,-5.429071803852893
CHAMBLFERT,2023-08-29,2023-09-08,278.65,282.75,10,1.4713798672169471
CHAMBLFERT,2023-09-07,2023-09-08,288.7,282.75,1,-2.0609629373051574
HAVELLS,2021-12-28,2021-12-30,1397.0,1386.95,2,-0.7193987115246926
HAVELLS,2022-08-30,2022-09-02,1378.65,1380.0,3,0.09792188010009131
HAVELLS,2022-11-30,2022-12-02,1259.3,1238.8,2,-1.627888509489399
HAVELLS,2023-02-08,2023-02-10,1235.0,1198.0,2,-2.9959514170040484
HAVELLS,2023-08-30,2023-09-01,1353.0,1378.1,2,1.855136733185507
HAVELLS,2023-09-08,2023-09-12,1451.4,1419.0,4,-2.232327408019849
METROPOLIS,2022-07-29,2022-08-02,1590.0,1580.0,4,-0.628930817610063
METROPOLIS,2023-04-12,2023-04-17,1295.25,1283.4,5,-0.9148812970468951
METROPOLIS,2023-10-09,2023-10-11,1503.6,1454.8,2,-3.24554402766693
METROPOLIS,2023-10-13,2023-10-17,1552.95,1540.0,4,-0.8338967771016481
AUBANK,2022-11-09,2022-11-11,642.0,622.5,2,-3.0373831775700935
AUBANK,2022-12-09,2022-12-13,681.0,663.4,4,-2.5844346549192396
AUBANK,2023-12-28,2024-01-01,790.0,785.2,4,-0.607594936708855
AUBANK,2024-01-04,2024-01-08,801.0,803.0,4,0.24968789013732834
APOLLOHOSP,2022-02-28,2022-03-03,4785.0,4905.0,3,2.507836990595611
APOLLOHOSP,2023-06-15,2023-06-19,5207.0,5150.0,4,-1.094680238140964
APOLLOHOSP,2023-07-28,2023-08-01,5345.65,5036.95,4,-5.774788847006442
APOLLOHOSP,2023-09-11,2023-09-12,5094.4,4980.0,1,-2.24560301507537
INDUSTOWER,2022-06-17,2022-06-21,210.0,209.3,4,-0.33333333333332793
INDUSTOWER,2022-06-24,2022-06-28,217.2,207.7,4,-4.373848987108656
INDUSTOWER,2022-07-12,2022-07-14,221.0,225.5,2,2.0361990950226243
INDUSTOWER,2023-12-07,2023-12-11,194.25,191.95,4,-1.1840411840411897
INDUSTOWER,2023-12-14,2023-12-18,200.85,198.25,4,-1.29449838187702
INDUSTOWER,2024-01-04,2024-01-08,217.85,214.6,4,-1.4918521918751435
IPCALAB,2022-10-25,2022-10-28,933.0,899.5,3,-3.590568060021436
IPCALAB,2022-12-21,2022-12-23,896.65,867.2,2,-3.2844476663134925
IPCALAB,2023-04-06,2023-04-11,829.45,829.95,5,0.06028090903610826
COALINDIA,2022-03-28,2022-03-30,191.15,182.35,2,-4.6037143604499144
COALINDIA,2022-04-06,2022-04-12,193.8,186.55,6,-3.740970072239422
COALINDIA,2022-04-21,2022-04-25,207.2,189.15,4,-8.711389961389953
COALINDIA,2023-04-18,2023-05-29,231.7,246.0,41,6.171773845489863
COALINDIA,2023-12-19,2024-01-12,369.0,381.85,24,3.4823848238482444
INTELLECT,2021-12-16,2021-12-17,717.0,680.2,1,-5.132496513249645
INTELLECT,2021-12-30,2022-01-03,776.3,740.0,4,-4.676027309030008
INTELLECT,2022-01-17,2022-01-19,796.0,769.0,2,-3.391959798994975
INTELLECT,2023-02-08,2023-02-10,464.3,463.5,2,-0.17230239069567335
INTELLECT,2023-08-31,2023-09-04,734.0,731.0,4,-0.4087193460490463
